This is XeTeX, Version 3.141592653-2.6-0.999998 (TeX Live 2026) (preloaded format=xelatex 2026.7.17)  17 JUL 2026 20:57
entering extended mode
 restricted \write18 enabled.
 %&-line parsing enabled.
**Basics-of-sustainability.tex
(./Basics-of-sustainability.tex
LaTeX2e <2026-06-01>
L3 programming layer <2026-06-18>
(c:/TinyTeX/texmf-dist/tex/latex/koma-script/scrreprt.cls
Document Class: scrreprt 2026/02/02 v3.49.2 KOMA-Script document class (report)
(c:/TinyTeX/texmf-dist/tex/latex/koma-script/scrkbase.sty
Package: scrkbase 2026/02/02 v3.49.2 KOMA-Script package (KOMA-Script-dependent basics and keyval usage)
 (c:/TinyTeX/texmf-dist/tex/latex/koma-script/scrbase.sty
Package: scrbase 2026/02/02 v3.49.2 KOMA-Script package (KOMA-Script-independent basics and keyval usage)
 (c:/TinyTeX/texmf-dist/tex/latex/koma-script/scrlfile.sty
Package: scrlfile 2026/02/02 v3.49.2 KOMA-Script package (file load hooks)
 (c:/TinyTeX/texmf-dist/tex/latex/koma-script/scrlfile-hook.sty
Package: scrlfile-hook 2026/02/02 v3.49.2 KOMA-Script package (using LaTeX hooks)
 (c:/TinyTeX/texmf-dist/tex/latex/koma-script/scrlogo.sty
Package: scrlogo 2026/02/02 v3.49.2 KOMA-Script package (logo)
))) (c:/TinyTeX/texmf-dist/tex/latex/graphics/keyval.sty
Package: keyval 2026-05-17 v1.15 key=value parser (DPC)
\KV@toks@=\toks17
)
Applying: [2021/05/01] Usage of raw or classic option list on input line 254.
Already applied: [0000/00/00] Usage of raw or classic option list on input line 370.
)) (c:/TinyTeX/texmf-dist/tex/latex/koma-script/tocbasic.sty
Package: tocbasic 2026/02/02 v3.49.2 KOMA-Script package (handling toc-files)
\scr@dte@tocline@numberwidth=\skip49
\scr@dte@tocline@numbox=\box53
)
Package tocbasic Info: omitting babel extension for `toc'
(tocbasic)             because of feature `nobabel' available
(tocbasic)             for `toc' on input line 143.
Class scrreprt Info: You've used standard option `oneside'.
(scrreprt)           This is correct!
(scrreprt)           Internally I'm using `twoside=false'.
(scrreprt)           If you'd like to set the option with \KOMAoptions,
(scrreprt)           you'd have to use `twoside=false' there
(scrreprt)           instead of `oneside', too.
Class scrreprt Info: You've used standard option `openany'.
(scrreprt)           This is correct!
(scrreprt)           Internally I'm using `open=any'.
(scrreprt)           If you'd like to set the option with \KOMAoptions,
(scrreprt)           you'd have to use `open=any' there
(scrreprt)           instead of `openany', too.
Class scrreprt Info: File `scrsize11pt.clo' used instead of
(scrreprt)           file `scrsize11.clo' to setup font sizes on input line 2710.
 (c:/TinyTeX/texmf-dist/tex/latex/koma-script/scrsize11pt.clo
File: scrsize11pt.clo 2026/02/02 v3.49.2 KOMA-Script font size class option (11pt)
) (c:/TinyTeX/texmf-dist/tex/latex/koma-script/typearea.sty
Package: typearea 2026/02/02 v3.49.2 KOMA-Script package (type area)
\ta@bcor=\skip50
\ta@div=\count273
Package typearea Info: You've used standard option `a4paper'.
(typearea)             This is correct!
(typearea)             Internally I'm using `paper=a4'.
(typearea)             If you'd like to set the option with \KOMAoptions,
(typearea)             you'd have to use `paper=a4' there
(typearea)             instead of `a4paper', too.
Package typearea Info: You've used standard option `oneside'.
(typearea)             This is correct!
(typearea)             Internally I'm using `twoside=false'.
(typearea)             If you'd like to set the option with \KOMAoptions,
(typearea)             you'd have to use `twoside=false' there
(typearea)             instead of `oneside', too.
\ta@hblk=\skip51
\ta@vblk=\skip52
\ta@temp=\skip53
\footheight=\skip54
Package typearea Info: These are the values describing the layout:
(typearea)             DIV  = 11
(typearea)             BCOR = 0.0pt
(typearea)             \paperwidth      = 597.50793pt
(typearea)              \textwidth      = 434.55125pt
(typearea)              DIV departure   = -10%
(typearea)              \evensidemargin = 9.20834pt
(typearea)              \oddsidemargin  = 9.20834pt
(typearea)             \paperheight     = 845.04694pt
(typearea)              \textheight     = 623.00027pt
(typearea)              \topmargin      = -32.84755pt
(typearea)              \headheight     = 17.0pt
(typearea)              \headsep        = 20.40001pt
(typearea)              \topskip        = 11.0pt
(typearea)              \footskip       = 47.6pt
(typearea)              \baselineskip   = 13.6pt
(typearea)              on input line 1810.
)
\c@part=\count274
\c@chapter=\count275
\c@section=\count276
\c@subsection=\count277
\c@subsubsection=\count278
\c@paragraph=\count279
\c@subparagraph=\count280
\scr@dte@chapter@maxnumwidth=\skip55
Class scrreprt Info: using compatibility default `afterindent=bysign'
(scrreprt)           for `\chapter on input line 5934.
\scr@dte@section@maxnumwidth=\skip56
Class scrreprt Info: using compatibility default `runin=bysign'
(scrreprt)           for `\section on input line 5945.
Class scrreprt Info: using compatibility default `afterindent=bysign'
(scrreprt)           for `\section on input line 5945.
\scr@dte@part@maxnumwidth=\skip57
Class scrreprt Info: using compatibility default `afterindent=true'
(scrreprt)           for `\part on input line 5954.
\scr@dte@subsection@maxnumwidth=\skip58
Class scrreprt Info: using compatibility default `runin=bysign'
(scrreprt)           for `\subsection on input line 5964.
Class scrreprt Info: using compatibility default `afterindent=bysign'
(scrreprt)           for `\subsection on input line 5964.
\scr@dte@subsubsection@maxnumwidth=\skip59
Class scrreprt Info: using compatibility default `runin=bysign'
(scrreprt)           for `\subsubsection on input line 5974.
Class scrreprt Info: using compatibility default `afterindent=bysign'
(scrreprt)           for `\subsubsection on input line 5974.
\scr@dte@paragraph@maxnumwidth=\skip60
Class scrreprt Info: using compatibility default `runin=bysign'
(scrreprt)           for `\paragraph on input line 5985.
Class scrreprt Info: using compatibility default `afterindent=bysign'
(scrreprt)           for `\paragraph on input line 5985.
\scr@dte@subparagraph@maxnumwidth=\skip61
Class scrreprt Info: using compatibility default `runin=bysign'
(scrreprt)           for `\subparagraph on input line 5995.
Class scrreprt Info: using compatibility default `afterindent=bysign'
(scrreprt)           for `\subparagraph on input line 5995.
\abovecaptionskip=\skip62
\belowcaptionskip=\skip63
\c@pti@nb@sid@b@x=\box54
Package tocbasic Info: omitting babel extension for `lof'
(tocbasic)             because of feature `nobabel' available
(tocbasic)             for `lof' on input line 7225.
\scr@dte@figure@maxnumwidth=\skip64
\c@figure=\count281
Package tocbasic Info: omitting babel extension for `lot'
(tocbasic)             because of feature `nobabel' available
(tocbasic)             for `lot' on input line 7238.
\scr@dte@table@maxnumwidth=\skip65
\c@table=\count282
Class scrreprt Info: Redefining `\numberline' on input line 7409.
\bibindent=\dimen150
) (c:/TinyTeX/texmf-dist/tex/latex/xcolor/xcolor.sty
Package: xcolor 2024/09/29 v3.02 LaTeX color extensions (UK)
 (c:/TinyTeX/texmf-dist/tex/latex/graphics-cfg/color.cfg
File: color.cfg 2016/01/02 v1.6 sample color configuration
)
Package xcolor Info: Driver file: xetex.def on input line 274.
 (c:/TinyTeX/texmf-dist/tex/latex/graphics-def/xetex.def
File: xetex.def 2025/11/01 v5.0p Graphics/color driver for xetex
) (c:/TinyTeX/texmf-dist/tex/latex/graphics/mathcolor.ltx)
Package xcolor Info: Model `cmy' substituted by `cmy0' on input line 1349.
Package xcolor Info: Model `RGB' extended on input line 1365.
Package xcolor Info: Model `HTML' substituted by `rgb' on input line 1367.
Package xcolor Info: Model `Hsb' substituted by `hsb' on input line 1368.
Package xcolor Info: Model `tHsb' substituted by `hsb' on input line 1369.
Package xcolor Info: Model `HSB' substituted by `hsb' on input line 1370.
Package xcolor Info: Model `Gray' substituted by `gray' on input line 1371.
Package xcolor Info: Model `wave' substituted by `hsb' on input line 1372.
) (c:/TinyTeX/texmf-dist/tex/latex/graphics/dvipsnam.def
File: dvipsnam.def 2026-05-17 v3.0m Driver-dependent file (DPC,SPQR)
) (c:/TinyTeX/texmf-dist/tex/latex/xcolor/svgnam.def
File: svgnam.def 2024/09/29 v3.02 Predefined colors according to SVG 1.1 (UK)
) (c:/TinyTeX/texmf-dist/tex/latex/xcolor/x11nam.def
File: x11nam.def 2024/09/29 v3.02 Predefined colors according to Unix/X11 (UK)
) (c:/TinyTeX/texmf-dist/tex/latex/amsmath/amsmath.sty
Package: amsmath 2026/05/19 v2.18d AMS math features
\@mathmargin=\skip66

For additional information on amsmath, use the `?' option.
(c:/TinyTeX/texmf-dist/tex/latex/amsmath/amstext.sty
Package: amstext 2024/11/17 v2.01 AMS text
 (c:/TinyTeX/texmf-dist/tex/latex/amsmath/amsgen.sty
File: amsgen.sty 1999/11/30 v2.0 generic functions
\@emptytoks=\toks18
\ex@=\dimen151
)) (c:/TinyTeX/texmf-dist/tex/latex/amsmath/amsbsy.sty
Package: amsbsy 1999/11/29 v1.2d Bold Symbols
\pmbraise@=\dimen152
) (c:/TinyTeX/texmf-dist/tex/latex/amsmath/amsopn.sty
Package: amsopn 2022/04/08 v2.04 operator names
)
\inf@bad=\count283
LaTeX Info: Redefining \frac on input line 233.
\uproot@=\count284
\leftroot@=\count285
LaTeX Info: Redefining \overline on input line 398.
LaTeX Info: Redefining \colon on input line 409.
\classnum@=\count286
\DOTSCASE@=\count287
LaTeX Info: Redefining \ldots on input line 495.
LaTeX Info: Redefining \dots on input line 498.
LaTeX Info: Redefining \cdots on input line 619.
\Mathstrutbox@=\box55
\strutbox@=\box56
LaTeX Info: Redefining \big on input line 721.
LaTeX Info: Redefining \Big on input line 722.
LaTeX Info: Redefining \bigg on input line 723.
LaTeX Info: Redefining \Bigg on input line 724.
\big@size=\dimen153
LaTeX Font Info:    Redeclaring font encoding OML on input line 742.
LaTeX Font Info:    Redeclaring font encoding OMS on input line 743.
\macc@depth=\count288
LaTeX Info: Redefining \bmod on input line 904.
LaTeX Info: Redefining \pmod on input line 909.
LaTeX Info: Redefining \smash on input line 939.
LaTeX Info: Redefining \relbar on input line 969.
LaTeX Info: Redefining \Relbar on input line 970.
\c@MaxMatrixCols=\count289
\dotsspace@=\muskip17
\c@parentequation=\count290
\dspbrk@lvl=\count291
\tag@help=\toks19
\row@=\count292
\column@=\count293
\maxfields@=\count294
\andhelp@=\toks20
\eqnshift@=\dimen154
\alignsep@=\dimen155
\tagshift@=\dimen156
\tagwidth@=\dimen157
\totwidth@=\dimen158
\lineht@=\dimen159
\@envbody=\toks21
\multlinegap=\skip67
\multlinetaggap=\skip68
\mathdisplay@stack=\toks22
LaTeX Info: Redefining \[ on input line 2965.
LaTeX Info: Redefining \] on input line 2966.
) (c:/TinyTeX/texmf-dist/tex/latex/amsfonts/amssymb.sty
Package: amssymb 2013/01/14 v3.01 AMS font symbols
 (c:/TinyTeX/texmf-dist/tex/latex/amsfonts/amsfonts.sty
Package: amsfonts 2013/01/14 v3.01 Basic AMSFonts support
\symAMSa=\mathgroup4
\symAMSb=\mathgroup5
LaTeX Font Info:    Redeclaring math symbol \hbar on input line 98.
LaTeX Font Info:    Overwriting math alphabet `\mathfrak' in version `bold'
(Font)                  U/euf/m/n --> U/euf/b/n on input line 106.
)) (c:/TinyTeX/texmf-dist/tex/generic/iftex/iftex.sty
Package: iftex 2024/12/12 v1.0g TeX engine tests
) (c:/TinyTeX/texmf-dist/tex/latex/unicode-math/unicode-math.sty (c:/TinyTeX/texmf-dist/tex/latex/l3kernel/expl3.sty
Package: expl3 2026-06-18 L3 programming layer (loader) 
 (c:/TinyTeX/texmf-dist/tex/latex/l3backend/l3backend-xetex.def
File: l3backend-xetex.def 2026-02-18 L3 backend support: XeTeX
\g__graphics_track_int=\count295
\g__pdfannot_backend_int=\count296
\g__pdfannot_backend_link_int=\count297
))
Package: unicode-math 2023/08/13 v0.8r Unicode maths in XeLaTeX and LuaLaTeX
 (c:/TinyTeX/texmf-dist/tex/latex/unicode-math/unicode-math-xetex.sty
Package: unicode-math-xetex 2023/08/13 v0.8r Unicode maths in XeLaTeX and LuaLaTeX
 (c:/TinyTeX/texmf-dist/tex/latex/l3packages/xparse/xparse.sty
Package: xparse 2025-10-09 L3 Experimental document command parser
) (c:/TinyTeX/texmf-dist/tex/latex/l3packages/l3keys2e/l3keys2e.sty
Package: l3keys2e 2025-10-09 LaTeX2e option processing using LaTeX3 keys
) (c:/TinyTeX/texmf-dist/tex/latex/fontspec/fontspec.sty
Package: fontspec 2025/09/29 v2.9g Font selection for XeLaTeX and LuaLaTeX
 (c:/TinyTeX/texmf-dist/tex/latex/fontspec/fontspec-xetex.sty
Package: fontspec-xetex 2025/09/29 v2.9g Font selection for XeLaTeX and LuaLaTeX
\l__fontspec_script_int=\count298
\l__fontspec_language_int=\count299
\l__fontspec_strnum_int=\count300
\l__fontspec_tmp_int=\count301
\l__fontspec_tmpa_int=\count302
\l__fontspec_tmpb_int=\count303
\l__fontspec_tmpc_int=\count304
\l__fontspec_em_int=\count305
\l__fontspec_emdef_int=\count306
\l__fontspec_strong_int=\count307
\l__fontspec_strongdef_int=\count308
\l__fontspec_tmpa_dim=\dimen160
\l__fontspec_tmpb_dim=\dimen161
\l__fontspec_tmpc_dim=\dimen162
 (c:/TinyTeX/texmf-dist/tex/latex/base/fontenc.sty
Package: fontenc 2025/07/18 v2.1d Standard LaTeX package
) (c:/TinyTeX/texmf-dist/tex/latex/fontspec/fontspec.cfg))) (c:/TinyTeX/texmf-dist/tex/latex/base/fix-cm.sty
Package: fix-cm 2020/11/24 v1.1t fixes to LaTeX
 (c:/TinyTeX/texmf-dist/tex/latex/base/ts1enc.def
File: ts1enc.def 2001/06/05 v3.0e (jk/car/fm) Standard LaTeX file
LaTeX Font Info:    Redeclaring font encoding TS1 on input line 47.
LaTeX Encoding Info:    Redeclaring text command \capitalcedilla (encoding TS1) on input line 49.
LaTeX Encoding Info:    Redeclaring text command \capitalogonek (encoding TS1) on input line 52.
LaTeX Encoding Info:    Redeclaring text command \capitalgrave (encoding TS1) on input line 55.
LaTeX Encoding Info:    Redeclaring text command \capitalacute (encoding TS1) on input line 56.
LaTeX Encoding Info:    Redeclaring text command \capitalcircumflex (encoding TS1) on input line 57.
LaTeX Encoding Info:    Redeclaring text command \capitaltilde (encoding TS1) on input line 58.
LaTeX Encoding Info:    Redeclaring text command \capitaldieresis (encoding TS1) on input line 59.
LaTeX Encoding Info:    Redeclaring text command \capitalhungarumlaut (encoding TS1) on input line 60.
LaTeX Encoding Info:    Redeclaring text command \capitalring (encoding TS1) on input line 61.
LaTeX Encoding Info:    Redeclaring text command \capitalcaron (encoding TS1) on input line 62.
LaTeX Encoding Info:    Redeclaring text command \capitalbreve (encoding TS1) on input line 63.
LaTeX Encoding Info:    Redeclaring text command \capitalmacron (encoding TS1) on input line 64.
LaTeX Encoding Info:    Redeclaring text command \capitaldotaccent (encoding TS1) on input line 65.
LaTeX Encoding Info:    Redeclaring text command \t (encoding TS1) on input line 66.
LaTeX Encoding Info:    Redeclaring text command \capitaltie (encoding TS1) on input line 67.
LaTeX Encoding Info:    Redeclaring text command \newtie (encoding TS1) on input line 68.
LaTeX Encoding Info:    Redeclaring text command \capitalnewtie (encoding TS1) on input line 69.
LaTeX Encoding Info:    Redeclaring text symbol \textcapitalcompwordmark (encoding TS1) on input line 70.
LaTeX Encoding Info:    Redeclaring text symbol \textascendercompwordmark (encoding TS1) on input line 71.
LaTeX Encoding Info:    Redeclaring text symbol \textquotestraightbase (encoding TS1) on input line 72.
LaTeX Encoding Info:    Redeclaring text symbol \textquotestraightdblbase (encoding TS1) on input line 73.
LaTeX Encoding Info:    Redeclaring text symbol \texttwelveudash (encoding TS1) on input line 74.
LaTeX Encoding Info:    Redeclaring text symbol \textthreequartersemdash (encoding TS1) on input line 75.
LaTeX Encoding Info:    Redeclaring text symbol \textleftarrow (encoding TS1) on input line 76.
LaTeX Encoding Info:    Redeclaring text symbol \textrightarrow (encoding TS1) on input line 77.
LaTeX Encoding Info:    Redeclaring text symbol \textblank (encoding TS1) on input line 78.
LaTeX Encoding Info:    Redeclaring text symbol \textdollar (encoding TS1) on input line 79.
LaTeX Encoding Info:    Redeclaring text symbol \textquotesingle (encoding TS1) on input line 80.
LaTeX Encoding Info:    Redeclaring text command \textasteriskcentered (encoding TS1) on input line 81.
LaTeX Encoding Info:    Redeclaring text symbol \textdblhyphen (encoding TS1) on input line 92.
LaTeX Encoding Info:    Redeclaring text symbol \textfractionsolidus (encoding TS1) on input line 93.
LaTeX Encoding Info:    Redeclaring text symbol \textzerooldstyle (encoding TS1) on input line 94.
LaTeX Encoding Info:    Redeclaring text symbol \textoneoldstyle (encoding TS1) on input line 95.
LaTeX Encoding Info:    Redeclaring text symbol \texttwooldstyle (encoding TS1) on input line 96.
LaTeX Encoding Info:    Redeclaring text symbol \textthreeoldstyle (encoding TS1) on input line 97.
LaTeX Encoding Info:    Redeclaring text symbol \textfouroldstyle (encoding TS1) on input line 98.
LaTeX Encoding Info:    Redeclaring text symbol \textfiveoldstyle (encoding TS1) on input line 99.
LaTeX Encoding Info:    Redeclaring text symbol \textsixoldstyle (encoding TS1) on input line 100.
LaTeX Encoding Info:    Redeclaring text symbol \textsevenoldstyle (encoding TS1) on input line 101.
LaTeX Encoding Info:    Redeclaring text symbol \texteightoldstyle (encoding TS1) on input line 102.
LaTeX Encoding Info:    Redeclaring text symbol \textnineoldstyle (encoding TS1) on input line 103.
LaTeX Encoding Info:    Redeclaring text symbol \textlangle (encoding TS1) on input line 104.
LaTeX Encoding Info:    Redeclaring text symbol \textminus (encoding TS1) on input line 105.
LaTeX Encoding Info:    Redeclaring text symbol \textrangle (encoding TS1) on input line 106.
LaTeX Encoding Info:    Redeclaring text symbol \textmho (encoding TS1) on input line 107.
LaTeX Encoding Info:    Redeclaring text symbol \textbigcircle (encoding TS1) on input line 108.
LaTeX Encoding Info:    Redeclaring text command \textcircled (encoding TS1) on input line 109.
LaTeX Encoding Info:    Redeclaring text symbol \textohm (encoding TS1) on input line 115.
LaTeX Encoding Info:    Redeclaring text symbol \textlbrackdbl (encoding TS1) on input line 116.
LaTeX Encoding Info:    Redeclaring text symbol \textrbrackdbl (encoding TS1) on input line 117.
LaTeX Encoding Info:    Redeclaring text symbol \textuparrow (encoding TS1) on input line 118.
LaTeX Encoding Info:    Redeclaring text symbol \textdownarrow (encoding TS1) on input line 119.
LaTeX Encoding Info:    Redeclaring text symbol \textasciigrave (encoding TS1) on input line 120.
LaTeX Encoding Info:    Redeclaring text symbol \textborn (encoding TS1) on input line 121.
LaTeX Encoding Info:    Redeclaring text symbol \textdivorced (encoding TS1) on input line 122.
LaTeX Encoding Info:    Redeclaring text symbol \textdied (encoding TS1) on input line 123.
LaTeX Encoding Info:    Redeclaring text symbol \textleaf (encoding TS1) on input line 124.
LaTeX Encoding Info:    Redeclaring text symbol \textmarried (encoding TS1) on input line 125.
LaTeX Encoding Info:    Redeclaring text symbol \textmusicalnote (encoding TS1) on input line 126.
LaTeX Encoding Info:    Redeclaring text symbol \texttildelow (encoding TS1) on input line 127.
LaTeX Encoding Info:    Redeclaring text symbol \textdblhyphenchar (encoding TS1) on input line 128.
LaTeX Encoding Info:    Redeclaring text symbol \textasciibreve (encoding TS1) on input line 129.
LaTeX Encoding Info:    Redeclaring text symbol \textasciicaron (encoding TS1) on input line 130.
LaTeX Encoding Info:    Redeclaring text symbol \textacutedbl (encoding TS1) on input line 131.
LaTeX Encoding Info:    Redeclaring text symbol \textgravedbl (encoding TS1) on input line 132.
LaTeX Encoding Info:    Redeclaring text symbol \textdagger (encoding TS1) on input line 133.
LaTeX Encoding Info:    Redeclaring text symbol \textdaggerdbl (encoding TS1) on input line 134.
LaTeX Encoding Info:    Redeclaring text symbol \textbardbl (encoding TS1) on input line 135.
LaTeX Encoding Info:    Redeclaring text symbol \textperthousand (encoding TS1) on input line 136.
LaTeX Encoding Info:    Redeclaring text symbol \textbullet (encoding TS1) on input line 137.
LaTeX Encoding Info:    Redeclaring text symbol \textcelsius (encoding TS1) on input line 138.
LaTeX Encoding Info:    Redeclaring text symbol \textdollaroldstyle (encoding TS1) on input line 139.
LaTeX Encoding Info:    Redeclaring text symbol \textcentoldstyle (encoding TS1) on input line 140.
LaTeX Encoding Info:    Redeclaring text symbol \textflorin (encoding TS1) on input line 141.
LaTeX Encoding Info:    Redeclaring text symbol \textcolonmonetary (encoding TS1) on input line 142.
LaTeX Encoding Info:    Redeclaring text symbol \textwon (encoding TS1) on input line 143.
LaTeX Encoding Info:    Redeclaring text symbol \textnaira (encoding TS1) on input line 144.
LaTeX Encoding Info:    Redeclaring text symbol \textguarani (encoding TS1) on input line 145.
LaTeX Encoding Info:    Redeclaring text symbol \textpeso (encoding TS1) on input line 146.
LaTeX Encoding Info:    Redeclaring text symbol \textlira (encoding TS1) on input line 147.
LaTeX Encoding Info:    Redeclaring text symbol \textrecipe (encoding TS1) on input line 148.
LaTeX Encoding Info:    Redeclaring text symbol \textinterrobang (encoding TS1) on input line 149.
LaTeX Encoding Info:    Redeclaring text symbol \textinterrobangdown (encoding TS1) on input line 150.
LaTeX Encoding Info:    Redeclaring text symbol \textdong (encoding TS1) on input line 151.
LaTeX Encoding Info:    Redeclaring text symbol \texttrademark (encoding TS1) on input line 152.
LaTeX Encoding Info:    Redeclaring text symbol \textpertenthousand (encoding TS1) on input line 153.
LaTeX Encoding Info:    Redeclaring text symbol \textpilcrow (encoding TS1) on input line 154.
LaTeX Encoding Info:    Redeclaring text symbol \textbaht (encoding TS1) on input line 155.
LaTeX Encoding Info:    Redeclaring text symbol \textnumero (encoding TS1) on input line 156.
LaTeX Encoding Info:    Redeclaring text symbol \textdiscount (encoding TS1) on input line 157.
LaTeX Encoding Info:    Redeclaring text symbol \textestimated (encoding TS1) on input line 158.
LaTeX Encoding Info:    Redeclaring text symbol \textopenbullet (encoding TS1) on input line 159.
LaTeX Encoding Info:    Redeclaring text symbol \textservicemark (encoding TS1) on input line 160.
LaTeX Encoding Info:    Redeclaring text symbol \textlquill (encoding TS1) on input line 161.
LaTeX Encoding Info:    Redeclaring text symbol \textrquill (encoding TS1) on input line 162.
LaTeX Encoding Info:    Redeclaring text symbol \textcent (encoding TS1) on input line 163.
LaTeX Encoding Info:    Redeclaring text symbol \textsterling (encoding TS1) on input line 164.
LaTeX Encoding Info:    Redeclaring text symbol \textcurrency (encoding TS1) on input line 165.
LaTeX Encoding Info:    Redeclaring text symbol \textyen (encoding TS1) on input line 166.
LaTeX Encoding Info:    Redeclaring text symbol \textbrokenbar (encoding TS1) on input line 167.
LaTeX Encoding Info:    Redeclaring text symbol \textsection (encoding TS1) on input line 168.
LaTeX Encoding Info:    Redeclaring text symbol \textasciidieresis (encoding TS1) on input line 169.
LaTeX Encoding Info:    Redeclaring text symbol \textcopyright (encoding TS1) on input line 170.
LaTeX Encoding Info:    Redeclaring text symbol \textordfeminine (encoding TS1) on input line 171.
LaTeX Encoding Info:    Redeclaring text symbol \textcopyleft (encoding TS1) on input line 172.
LaTeX Encoding Info:    Redeclaring text symbol \textlnot (encoding TS1) on input line 173.
LaTeX Encoding Info:    Redeclaring text symbol \textcircledP (encoding TS1) on input line 174.
LaTeX Encoding Info:    Redeclaring text symbol \textregistered (encoding TS1) on input line 175.
LaTeX Encoding Info:    Redeclaring text symbol \textasciimacron (encoding TS1) on input line 176.
LaTeX Encoding Info:    Redeclaring text symbol \textdegree (encoding TS1) on input line 177.
LaTeX Encoding Info:    Redeclaring text symbol \textpm (encoding TS1) on input line 178.
LaTeX Encoding Info:    Redeclaring text symbol \texttwosuperior (encoding TS1) on input line 179.
LaTeX Encoding Info:    Redeclaring text symbol \textthreesuperior (encoding TS1) on input line 180.
LaTeX Encoding Info:    Redeclaring text symbol \textasciiacute (encoding TS1) on input line 181.
LaTeX Encoding Info:    Redeclaring text symbol \textmu (encoding TS1) on input line 182.
LaTeX Encoding Info:    Redeclaring text symbol \textparagraph (encoding TS1) on input line 183.
LaTeX Encoding Info:    Redeclaring text symbol \textperiodcentered (encoding TS1) on input line 184.
LaTeX Encoding Info:    Redeclaring text symbol \textreferencemark (encoding TS1) on input line 185.
LaTeX Encoding Info:    Redeclaring text symbol \textonesuperior (encoding TS1) on input line 186.
LaTeX Encoding Info:    Redeclaring text symbol \textordmasculine (encoding TS1) on input line 187.
LaTeX Encoding Info:    Redeclaring text symbol \textsurd (encoding TS1) on input line 188.
LaTeX Encoding Info:    Redeclaring text symbol \textonequarter (encoding TS1) on input line 189.
LaTeX Encoding Info:    Redeclaring text symbol \textonehalf (encoding TS1) on input line 190.
LaTeX Encoding Info:    Redeclaring text symbol \textthreequarters (encoding TS1) on input line 191.
LaTeX Encoding Info:    Redeclaring text symbol \texteuro (encoding TS1) on input line 192.
LaTeX Encoding Info:    Redeclaring text symbol \texttimes (encoding TS1) on input line 193.
LaTeX Encoding Info:    Redeclaring text symbol \textdiv (encoding TS1) on input line 194.
))
\g__um_fam_int=\count309
\g__um_fonts_used_int=\count310
\l__um_primecount_int=\count311
\g__um_primekern_muskip=\muskip18
 (c:/TinyTeX/texmf-dist/tex/latex/unicode-math/unicode-math-table.tex))) (c:/TinyTeX/texmf-dist/tex/latex/lm/lmodern.sty
Package: lmodern 2015/05/01 v1.6.1 Latin Modern Fonts
LaTeX Font Info:    Overwriting symbol font `operators' in version `normal'
(Font)                  OT1/cmr/m/n --> OT1/lmr/m/n on input line 22.
LaTeX Font Info:    Overwriting symbol font `letters' in version `normal'
(Font)                  OML/cmm/m/it --> OML/lmm/m/it on input line 23.
LaTeX Font Info:    Overwriting symbol font `symbols' in version `normal'
(Font)                  OMS/cmsy/m/n --> OMS/lmsy/m/n on input line 24.
LaTeX Font Info:    Overwriting symbol font `largesymbols' in version `normal'
(Font)                  OMX/cmex/m/n --> OMX/lmex/m/n on input line 25.
LaTeX Font Info:    Overwriting symbol font `operators' in version `bold'
(Font)                  OT1/cmr/bx/n --> OT1/lmr/bx/n on input line 26.
LaTeX Font Info:    Overwriting symbol font `letters' in version `bold'
(Font)                  OML/cmm/b/it --> OML/lmm/b/it on input line 27.
LaTeX Font Info:    Overwriting symbol font `symbols' in version `bold'
(Font)                  OMS/cmsy/b/n --> OMS/lmsy/b/n on input line 28.
LaTeX Font Info:    Overwriting symbol font `largesymbols' in version `bold'
(Font)                  OMX/cmex/m/n --> OMX/lmex/m/n on input line 29.
LaTeX Font Info:    Overwriting math alphabet `\mathbf' in version `normal'
(Font)                  OT1/cmr/bx/n --> OT1/lmr/bx/n on input line 31.
LaTeX Font Info:    Overwriting math alphabet `\mathsf' in version `normal'
(Font)                  OT1/cmss/m/n --> OT1/lmss/m/n on input line 32.
LaTeX Font Info:    Overwriting math alphabet `\mathit' in version `normal'
(Font)                  OT1/cmr/m/it --> OT1/lmr/m/it on input line 33.
LaTeX Font Info:    Overwriting math alphabet `\mathtt' in version `normal'
(Font)                  OT1/cmtt/m/n --> OT1/lmtt/m/n on input line 34.
LaTeX Font Info:    Overwriting math alphabet `\mathbf' in version `bold'
(Font)                  OT1/cmr/bx/n --> OT1/lmr/bx/n on input line 35.
LaTeX Font Info:    Overwriting math alphabet `\mathsf' in version `bold'
(Font)                  OT1/cmss/bx/n --> OT1/lmss/bx/n on input line 36.
LaTeX Font Info:    Overwriting math alphabet `\mathit' in version `bold'
(Font)                  OT1/cmr/bx/it --> OT1/lmr/bx/it on input line 37.
LaTeX Font Info:    Overwriting math alphabet `\mathtt' in version `bold'
(Font)                  OT1/cmtt/m/n --> OT1/lmtt/m/n on input line 38.
)

Package fontspec Info: 
(fontspec)             Alegreya scale = 0.9535369105791316.


Package fontspec Info: 
(fontspec)             Alegreya scale = 1.


Package fontspec Info: 
(fontspec)             Alegreya scale = 0.9535369105791316.


Package fontspec Info: 
(fontspec)             Alegreya scale = 1.


Package fontspec Info: 
(fontspec)             Alegreya scale = 0.9535369105791316.


Package fontspec Info: 
(fontspec)             Alegreya scale = 1.


Package fontspec Info: 
(fontspec)             Alegreya/B scale = 0.9349229043929835.


Package fontspec Info: 
(fontspec)             Alegreya/B scale = 1.


Package fontspec Info: 
(fontspec)             Alegreya/B scale = 0.9349229043929835.


Package fontspec Info: 
(fontspec)             Alegreya/B scale = 1.


Package fontspec Info: 
(fontspec)             Alegreya/I scale = 0.9535369105791316.


Package fontspec Info: 
(fontspec)             Alegreya/I scale = 1.


Package fontspec Info: 
(fontspec)             Alegreya/I scale = 0.9535369105791316.


Package fontspec Info: 
(fontspec)             Alegreya/I scale = 1.


Package fontspec Info: 
(fontspec)             Alegreya/BI scale = 0.9349229043929835.


Package fontspec Info: 
(fontspec)             Alegreya/BI scale = 1.


Package fontspec Info: 
(fontspec)             Alegreya/BI scale = 0.9349229043929835.


Package fontspec Info: 
(fontspec)             Alegreya/BI scale = 1.


Package fontspec Info: 
(fontspec)             Font family 'Alegreya(0)' created for font 'Alegreya'
(fontspec)             with options
(fontspec)             [Scale=MatchLowercase,Ligatures=TeX,Scale=1].
(fontspec)              
(fontspec)              This font family consists of the following NFSS
(fontspec)             series/shapes:
(fontspec)              
(fontspec)             - 'normal' (m/n) with NFSS spec.:
(fontspec)             <->s*[1]"Alegreya/OT:script=latn;language=dflt;mapping=tex-text;"
(fontspec)             - 'small caps'  (m/sc) with NFSS spec.:
(fontspec)             <->s*[1]"Alegreya/OT:script=latn;language=dflt;+smcp;mapping=tex-text;"
(fontspec)             - 'bold' (b/n) with NFSS spec.:
(fontspec)             <->s*[1]"Alegreya/B/OT:script=latn;language=dflt;mapping=tex-text;"
(fontspec)             - 'bold small caps'  (b/sc) with NFSS spec.:
(fontspec)             <->s*[1]"Alegreya/B/OT:script=latn;language=dflt;+smcp;mapping=tex-text;"
(fontspec)             - 'italic' (m/it) with NFSS spec.:
(fontspec)             <->s*[1]"Alegreya/I/OT:script=latn;language=dflt;mapping=tex-text;"
(fontspec)             - 'italic small caps'  (m/scit) with NFSS spec.:
(fontspec)             <->s*[1]"Alegreya/I/OT:script=latn;language=dflt;+smcp;mapping=tex-text;"
(fontspec)             - 'bold italic' (b/it) with NFSS spec.:
(fontspec)             <->s*[1]"Alegreya/BI/OT:script=latn;language=dflt;mapping=tex-text;"
(fontspec)             - 'bold italic small caps'  (b/scit) with NFSS spec.:
(fontspec)             <->s*[1]"Alegreya/BI/OT:script=latn;language=dflt;+smcp;mapping=tex-text;"

LaTeX Font Info:    Font shape `TU/Alegreya(0)/m/n' will be
(Font)              scaled to size 10.95pt on input line 30.

Package fontspec Info: 
(fontspec)             Alegreya scale = 0.9999969170533197.


Package fontspec Info: 
(fontspec)             Alegreya scale = 0.9999969170533197.


Package fontspec Info: 
(fontspec)             Alegreya scale = 0.9999969170533197.


Package fontspec Info: 
(fontspec)             Alegreya/B scale = 0.9804759644885633.


Package fontspec Info: 
(fontspec)             Alegreya/B scale = 0.9804759644885633.


Package fontspec Info: 
(fontspec)             Alegreya/I scale = 0.9999969170533197.


Package fontspec Info: 
(fontspec)             Alegreya/I scale = 0.9999969170533197.


Package fontspec Info: 
(fontspec)             Alegreya/BI scale = 0.9804759644885633.


Package fontspec Info: 
(fontspec)             Alegreya/BI scale = 0.9804759644885633.


Package fontspec Info: 
(fontspec)             Font family 'Alegreya(1)' created for font 'Alegreya'
(fontspec)             with options [Scale=MatchLowercase].
(fontspec)              
(fontspec)              This font family consists of the following NFSS
(fontspec)             series/shapes:
(fontspec)              
(fontspec)             - 'normal' (m/n) with NFSS spec.:
(fontspec)             <->s*[0.9999969170533197]"Alegreya/OT:script=latn;language=dflt;"
(fontspec)             - 'small caps'  (m/sc) with NFSS spec.:
(fontspec)             <->s*[0.9999969170533197]"Alegreya/OT:script=latn;language=dflt;+smcp;"
(fontspec)             - 'bold' (b/n) with NFSS spec.:
(fontspec)             <->s*[0.9804759644885633]"Alegreya/B/OT:script=latn;language=dflt;"
(fontspec)             - 'bold small caps'  (b/sc) with NFSS spec.:
(fontspec)             <->s*[0.9804759644885633]"Alegreya/B/OT:script=latn;language=dflt;+smcp;"
(fontspec)             - 'italic' (m/it) with NFSS spec.:
(fontspec)             <->s*[0.9999969170533197]"Alegreya/I/OT:script=latn;language=dflt;"
(fontspec)             - 'italic small caps'  (m/scit) with NFSS spec.:
(fontspec)             <->s*[0.9999969170533197]"Alegreya/I/OT:script=latn;language=dflt;+smcp;"
(fontspec)             - 'bold italic' (b/it) with NFSS spec.:
(fontspec)             <->s*[0.9804759644885633]"Alegreya/BI/OT:script=latn;language=dflt;"
(fontspec)             - 'bold italic small caps'  (b/scit) with NFSS spec.:
(fontspec)             <->s*[0.9804759644885633]"Alegreya/BI/OT:script=latn;language=dflt;+smcp;"

LaTeX Font Info:    Overwriting math alphabet `\mathrm' in version `normal'
(Font)                  OT1/lmr/m/n --> TU/Alegreya(1)/m/n on input line 30.
LaTeX Font Info:    Overwriting math alphabet `\mathit' in version `normal'
(Font)                  OT1/lmr/m/it --> TU/Alegreya(1)/m/it on input line 30.
LaTeX Font Info:    Overwriting math alphabet `\mathbf' in version `normal'
(Font)                  OT1/lmr/bx/n --> TU/Alegreya(1)/b/n on input line 30.

Package fontspec Info: 
(fontspec)             Source Sans Pro scale = 0.9300386507781766.


Package fontspec Info: 
(fontspec)             Source Sans Pro scale = 0.9300386507781766.


Package fontspec Info: 
(fontspec)             Source Sans Pro scale = 0.9300386507781766.


Package fontspec Info: 
(fontspec)             Source Sans Pro/B scale = 0.9112884193965275.


Package fontspec Info: 
(fontspec)             Source Sans Pro/B scale = 0.9112884193965275.


Package fontspec Info: 
(fontspec)             Source Sans Pro/I scale = 0.9300386507781766.


Package fontspec Info: 
(fontspec)             Source Sans Pro/BI scale = 0.9112884193965275.


Package fontspec Info: 
(fontspec)             Font family 'SourceSansPro(0)' created for font 'Source
(fontspec)             Sans Pro' with options
(fontspec)             [Scale=MatchLowercase,Ligatures=TeX].
(fontspec)              
(fontspec)              This font family consists of the following NFSS
(fontspec)             series/shapes:
(fontspec)              
(fontspec)             - 'normal' (m/n) with NFSS spec.:
(fontspec)             <->s*[0.9300386507781766]"Source Sans
(fontspec)             Pro/OT:script=latn;language=dflt;mapping=tex-text;"
(fontspec)             - 'small caps'  (m/sc) with NFSS spec.:
(fontspec)             <->s*[0.9300386507781766]"Source Sans
(fontspec)             Pro/OT:script=latn;language=dflt;+smcp;mapping=tex-text;"
(fontspec)             - 'bold' (b/n) with NFSS spec.:
(fontspec)             <->s*[0.9112884193965275]"Source Sans
(fontspec)             Pro/B/OT:script=latn;language=dflt;mapping=tex-text;"
(fontspec)             - 'bold small caps'  (b/sc) with NFSS spec.:
(fontspec)             <->s*[0.9112884193965275]"Source Sans
(fontspec)             Pro/B/OT:script=latn;language=dflt;+smcp;mapping=tex-text;"
(fontspec)             - 'italic' (m/it) with NFSS spec.:
(fontspec)             <->s*[0.9300386507781766]"Source Sans
(fontspec)             Pro/I/OT:script=latn;language=dflt;mapping=tex-text;"
(fontspec)             - 'bold italic' (b/it) with NFSS spec.:
(fontspec)             <->s*[0.9112884193965275]"Source Sans
(fontspec)             Pro/BI/OT:script=latn;language=dflt;mapping=tex-text;"


Package fontspec Info: 
(fontspec)             Source Sans Pro scale = 0.9300386507781766.


Package fontspec Info: 
(fontspec)             Source Sans Pro scale = 0.9300386507781766.


Package fontspec Info: 
(fontspec)             Source Sans Pro scale = 0.9300386507781766.


Package fontspec Info: 
(fontspec)             Source Sans Pro/B scale = 0.9112884193965275.


Package fontspec Info: 
(fontspec)             Source Sans Pro/B scale = 0.9112884193965275.


Package fontspec Info: 
(fontspec)             Source Sans Pro/I scale = 0.9300386507781766.


Package fontspec Info: 
(fontspec)             Source Sans Pro/BI scale = 0.9112884193965275.


Package fontspec Info: 
(fontspec)             Font family 'SourceSansPro(1)' created for font 'Source
(fontspec)             Sans Pro' with options [Scale=MatchLowercase].
(fontspec)              
(fontspec)              This font family consists of the following NFSS
(fontspec)             series/shapes:
(fontspec)              
(fontspec)             - 'normal' (m/n) with NFSS spec.:
(fontspec)             <->s*[0.9300386507781766]"Source Sans
(fontspec)             Pro/OT:script=latn;language=dflt;"
(fontspec)             - 'small caps'  (m/sc) with NFSS spec.:
(fontspec)             <->s*[0.9300386507781766]"Source Sans
(fontspec)             Pro/OT:script=latn;language=dflt;+smcp;"
(fontspec)             - 'bold' (b/n) with NFSS spec.:
(fontspec)             <->s*[0.9112884193965275]"Source Sans
(fontspec)             Pro/B/OT:script=latn;language=dflt;"
(fontspec)             - 'bold small caps'  (b/sc) with NFSS spec.:
(fontspec)             <->s*[0.9112884193965275]"Source Sans
(fontspec)             Pro/B/OT:script=latn;language=dflt;+smcp;"
(fontspec)             - 'italic' (m/it) with NFSS spec.:
(fontspec)             <->s*[0.9300386507781766]"Source Sans
(fontspec)             Pro/I/OT:script=latn;language=dflt;"
(fontspec)             - 'bold italic' (b/it) with NFSS spec.:
(fontspec)             <->s*[0.9112884193965275]"Source Sans
(fontspec)             Pro/BI/OT:script=latn;language=dflt;"

LaTeX Font Info:    Overwriting math alphabet `\mathsf' in version `normal'
(Font)                  OT1/lmss/m/n --> TU/SourceSansPro(1)/m/n on input line 31.
LaTeX Font Info:    Overwriting math alphabet `\mathsf' in version `bold'
(Font)                  OT1/lmss/bx/n --> TU/SourceSansPro(1)/b/n on input line 31.
 (c:/TinyTeX/texmf-dist/tex/latex/microtype/microtype.sty
Package: microtype 2026/03/01 v3.2d Micro-typographical refinements (RS)
 (c:/TinyTeX/texmf-dist/tex/latex/etoolbox/etoolbox.sty
Package: etoolbox 2025/10/02 v2.5m e-TeX tools for LaTeX (JAW)
\etb@tempcnta=\count312
)
\MT@toks=\toks23
\MT@tempbox=\box57
\MT@count=\count313
LaTeX Info: Redefining \noprotrusionifhmode on input line 1084.
LaTeX Info: Redefining \leftprotrusion on input line 1085.
\MT@prot@toks=\toks24
LaTeX Info: Redefining \rightprotrusion on input line 1104.
LaTeX Info: Redefining \textls on input line 1449.
\MT@outer@kern=\dimen163
LaTeX Info: Redefining \microtypecontext on input line 2053.
LaTeX Info: Redefining \textmicrotypecontext on input line 2070.
\MT@listname@count=\count314
 (c:/TinyTeX/texmf-dist/tex/latex/microtype/microtype-xetex.def
File: microtype-xetex.def 2026/03/01 v3.2d Definitions specific to xetex (RS)
LaTeX Info: Redefining \lsstyle on input line 443.
LaTeX Info: Redefining \lslig on input line 451.
\MT@outer@space=\skip69
)
Package microtype Info: Loading configuration file microtype.cfg.
 (c:/TinyTeX/texmf-dist/tex/latex/microtype/microtype.cfg
File: microtype.cfg 2026/03/01 v3.2d microtype main configuration file (RS)
)
LaTeX Info: Redefining \microtypesetup on input line 3065.
) (c:/TinyTeX/texmf-dist/tex/latex/tools/longtable.sty
Package: longtable 2026-01-28 v4.27 Multi-page Table package (DPC)
\LTleft=\skip70
\LTright=\skip71
\LTpre=\skip72
\LTpost=\skip73
\LTchunksize=\count315
\LTcapwidth=\dimen164
\LT@head=\box58
\LT@firsthead=\box59
\LT@foot=\box60
\LT@lastfoot=\box61
\LT@gbox=\box62
\LT@cols=\count316
\LT@rows=\count317
\c@LT@tables=\count318
\c@LT@chunks=\count319
\LT@p@ftn=\toks25
)
Class scrreprt Info: longtable captions redefined on input line 74.
 (c:/TinyTeX/texmf-dist/tex/latex/booktabs/booktabs.sty
Package: booktabs 2020/01/12 v1.61803398 Publication quality tables
\heavyrulewidth=\dimen165
\lightrulewidth=\dimen166
\cmidrulewidth=\dimen167
\belowrulesep=\dimen168
\belowbottomsep=\dimen169
\aboverulesep=\dimen170
\abovetopsep=\dimen171
\cmidrulesep=\dimen172
\cmidrulekern=\dimen173
\defaultaddspace=\dimen174
\@cmidla=\count320
\@cmidlb=\count321
\@aboverulesep=\dimen175
\@belowrulesep=\dimen176
\@thisruleclass=\count322
\@lastruleclass=\count323
\@thisrulewidth=\dimen177
) (c:/TinyTeX/texmf-dist/tex/latex/tools/array.sty
Package: array 2026/02/24 v2.7b Tabular extension package (FMi)
\col@sep=\dimen178
\ar@mcellbox=\box63
\extrarowheight=\dimen179
\NC@list=\toks26
\extratabsurround=\skip74
\backup@length=\skip75
\ar@cellbox=\box64
)
\c@none=\count324
 (c:/TinyTeX/texmf-dist/tex/latex/tools/calc.sty
Package: calc 2025/03/01 v4.3b Infix arithmetic (KKT,FJ)
\calc@Acount=\count325
\calc@Bcount=\count326
\calc@Adimen=\dimen180
\calc@Bdimen=\dimen181
\calc@Askip=\skip76
\calc@Bskip=\skip77
LaTeX Info: Redefining \setlength on input line 86.
LaTeX Info: Redefining \addtolength on input line 87.
\calc@Ccount=\count327
\calc@Cskip=\skip78
) (c:/TinyTeX/texmf-dist/tex/latex/mdwtools/footnote.sty
Package: footnote 1997/01/28 1.13 Save footnotes around boxes
\fn@notes=\box65
\fn@width=\dimen182
) (c:/TinyTeX/texmf-dist/tex/latex/graphics/graphicx.sty
Package: graphicx 2026-05-17 v1.2e Enhanced LaTeX Graphics (DPC,SPQR)
 (c:/TinyTeX/texmf-dist/tex/latex/graphics/graphics.sty
Package: graphics 2026-05-17 v1.4h Standard LaTeX Graphics (DPC,SPQR)
 (c:/TinyTeX/texmf-dist/tex/latex/graphics/trig.sty
Package: trig 2023/12/02 v1.11 sin cos tan (DPC)
) (c:/TinyTeX/texmf-dist/tex/latex/graphics-cfg/graphics.cfg
File: graphics.cfg 2016/06/04 v1.11 sample graphics configuration
)
Package graphics Info: Driver file: xetex.def on input line 106.
)
\Gin@req@height=\dimen183
\Gin@req@width=\dimen184
)
\pandoc@box=\box66
\cslhangindent=\skip79
\csllabelwidth=\skip80
 (c:/TinyTeX/texmf-dist/tex/latex/multirow/multirow.sty
Package: multirow 2024/11/12 v2.9 Span multiple rows of a table
\multirow@colwidth=\skip81
\multirow@cntb=\count328
\multirow@dima=\skip82
\bigstrutjot=\dimen185
) (c:/TinyTeX/texmf-dist/tex/latex/wrapfig/wrapfig.sty
\wrapoverhang=\dimen186
\WF@size=\dimen187
\c@WF@wrappedlines=\count329
\WF@box=\box67
\WF@everypar=\toks27
Package: wrapfig 2003/01/31  v 3.6
) (c:/TinyTeX/texmf-dist/tex/latex/float/float.sty
Package: float 2001/11/08 v1.3d Float enhancements (AL)
\c@float@type=\count330
\float@exts=\toks28
\float@box=\box68
\@float@everytoks=\toks29
\@floatcapt=\box69
) (c:/TinyTeX/texmf-dist/tex/latex/colortbl/colortbl.sty
Package: colortbl 2026/05/01 v1.0l Color table columns (DPC)

new hooks used!!
\minrowclearance=\skip83
\rownum=\count331
) (c:/TinyTeX/texmf-dist/tex/latex/pdflscape/pdflscape.sty
Package: pdflscape 2025-06-23 v0.14 Display of landscape pages in PDF
 (c:/TinyTeX/texmf-dist/tex/latex/pdflscape/pdflscape-nometadata.sty
Package: pdflscape-nometadata 2025-06-23 v0.14 Display of landscape pages in PDF (HO)
 (c:/TinyTeX/texmf-dist/tex/latex/graphics/lscape.sty
Package: lscape 2020/05/28 v3.02 Landscape Pages (DPC)
)
Package pdflscape Info: Auto-detected driver: dvipdfm (xetex) on input line 98.
)) (c:/TinyTeX/texmf-dist/tex/latex/tools/tabularx.sty
Package: tabularx 2023/12/11 v2.12a `tabularx' package (DPC)
\TX@col@width=\dimen188
\TX@old@table=\dimen189
\TX@old@col=\dimen190
\TX@target=\dimen191
\TX@delta=\dimen192
\TX@cols=\count332
\TX@ftn=\toks30
) (c:/TinyTeX/texmf-dist/tex/latex/xltabular/xltabular.sty
Package: xltabular 2025/02/28 v0.2i `xltabular' package (hv,RN)
 (c:/TinyTeX/texmf-dist/tex/latex/ltablex/ltablex.sty
Package: ltablex 2014/08/13 v1.1 Modified tabularx
)) (c:/TinyTeX/texmf-dist/tex/latex/threeparttable/threeparttable.sty
Package: threeparttable 2003/06/13  v 3.0
\@tempboxb=\box70
) (c:/TinyTeX/texmf-dist/tex/latex/threeparttablex/threeparttablex.sty
Package: threeparttablex 2013/07/23 v0.3 by daleif
 (c:/TinyTeX/texmf-dist/tex/latex/environ/environ.sty
Package: environ 2014/05/04 v0.3 A new way to define environments
 (c:/TinyTeX/texmf-dist/tex/latex/trimspaces/trimspaces.sty
Package: trimspaces 2009/09/17 v1.1 Trim spaces around a token list
))
\TPTL@width=\skip84
) (c:/TinyTeX/texmf-dist/tex/generic/ulem/ulem.sty
\UL@box=\box71
\UL@hyphenbox=\box72
\UL@skip=\skip85
\UL@hook=\toks31
\UL@height=\dimen193
\UL@pe=\count333
\UL@pixel=\dimen194
\ULC@box=\box73
Package: ulem 2019/11/18
\ULdepth=\dimen195
) (c:/TinyTeX/texmf-dist/tex/latex/makecell/makecell.sty
Package: makecell 2009/08/03 V0.1e Managing of Tab Column Heads and Cells
\rotheadsize=\dimen196
\c@nlinenum=\count334
\TeXr@lab=\toks32
) (c:/TinyTeX/texmf-dist/tex/latex/pdfpages/pdfpages.sty
Package: pdfpages 2026/03/30 v0.6h Insert pages of external PDF documents (AM)
 (c:/TinyTeX/texmf-dist/tex/latex/base/ifthen.sty
Package: ifthen 2024/03/16 v1.1e Standard LaTeX ifthen package (DPC)
) (c:/TinyTeX/texmf-dist/tex/latex/eso-pic/eso-pic.sty
Package: eso-pic 2026/05/31 v3.0e eso-pic (RN)
\ESO@tempdima=\dimen197
\ESO@tempdimb=\dimen198
)
\AM@pagewidth=\dimen199
\AM@pageheight=\dimen256
\AM@fboxrule=\dimen257
 (c:/TinyTeX/texmf-dist/tex/latex/pdfpages/ppxetex.def
File: ppxetex.def 2026/03/30 v0.6h Pdfpages driver for XeTeX (AM)
)
\pdfpages@includegraphics@status=\count335
\AM@pagebox=\box74
\AM@global@opts=\toks33
\AM@pagecnt=\count336
\AM@toc@title=\toks34
\AM@lof@heading=\toks35
\c@AM@survey=\count337
\AM@templatesizebox=\box75
) (c:/TinyTeX/texmf-dist/tex/latex/caption/caption.sty
Package: caption 2023/08/05 v3.6o Customizing captions (AR)

Package tocbasic Info: Loading of class-dependent code for package caption3
(tocbasic)             prevented on line 50.

 (c:/TinyTeX/texmf-dist/tex/latex/caption/caption3.sty
Package: caption3 2023/07/31 v2.4d caption3 kernel (AR)
\caption@tempdima=\dimen258
\captionmargin=\dimen259
\caption@leftmargin=\dimen260
\caption@rightmargin=\dimen261
\caption@width=\dimen262
\caption@indent=\dimen263
\caption@parindent=\dimen264
\caption@hangindent=\dimen265
)
\c@caption@flags=\count338
\c@continuedfloat=\count339
Package caption Info: float package is loaded.
Package caption Info: longtable package is loaded.
 (c:/TinyTeX/texmf-dist/tex/latex/caption/ltcaption.sty
Package: ltcaption 2021/01/08 v1.4c longtable captions (AR)
)
Package caption Info: threeparttable package is loaded.
Package caption Info: wrapfig package is loaded.
) (c:/TinyTeX/texmf-dist/tex/latex/tcolorbox/tcolorbox.sty
Package: tcolorbox 2026/05/28 version 6.10.0 text color boxes
 (c:/TinyTeX/texmf-dist/tex/latex/pgf/frontendlayer/tikz.sty (c:/TinyTeX/texmf-dist/tex/latex/pgf/basiclayer/pgf.sty (c:/TinyTeX/texmf-dist/tex/latex/pgf/utilities/pgfrcs.sty (c:/TinyTeX/texmf-dist/tex/generic/pgf/utilities/pgfutil-common.tex
\pgfutil@everybye=\toks36
\pgfutil@tempdima=\dimen266
\pgfutil@tempdimb=\dimen267
) (c:/TinyTeX/texmf-dist/tex/generic/pgf/utilities/pgfutil-latex.def
\pgfutil@abb=\box76
) (c:/TinyTeX/texmf-dist/tex/generic/pgf/utilities/pgfrcs.code.tex (c:/TinyTeX/texmf-dist/tex/generic/pgf/pgf.revision.tex)
Package: pgfrcs 2025-08-29 v3.1.11a (3.1.11a)
))
Package: pgf 2025-08-29 v3.1.11a (3.1.11a)
 (c:/TinyTeX/texmf-dist/tex/latex/pgf/basiclayer/pgfcore.sty (c:/TinyTeX/texmf-dist/tex/latex/pgf/systemlayer/pgfsys.sty (c:/TinyTeX/texmf-dist/tex/generic/pgf/systemlayer/pgfsys.code.tex
Package: pgfsys 2025-08-29 v3.1.11a (3.1.11a)
 (c:/TinyTeX/texmf-dist/tex/generic/pgf/utilities/pgfkeys.code.tex
\pgfkeys@pathtoks=\toks37
\pgfkeys@temptoks=\toks38
 (c:/TinyTeX/texmf-dist/tex/generic/pgf/utilities/pgfkeyslibraryfiltered.code.tex
\pgfkeys@tmptoks=\toks39
))
\pgf@x=\dimen268
\pgf@y=\dimen269
\pgf@xa=\dimen270
\pgf@ya=\dimen271
\pgf@xb=\dimen272
\pgf@yb=\dimen273
\pgf@xc=\dimen274
\pgf@yc=\dimen275
\pgf@xd=\dimen276
\pgf@yd=\dimen277
\w@pgf@writea=\write3
\r@pgf@reada=\read2
\c@pgf@counta=\count340
\c@pgf@countb=\count341
\c@pgf@countc=\count342
\c@pgf@countd=\count343
\t@pgf@toka=\toks40
\t@pgf@tokb=\toks41
\t@pgf@tokc=\toks42
\pgf@sys@id@count=\count344
 (c:/TinyTeX/texmf-dist/tex/generic/pgf/systemlayer/pgf.cfg
File: pgf.cfg 2025-08-29 v3.1.11a (3.1.11a)
)
Driver file for pgf: pgfsys-xetex.def
 (c:/TinyTeX/texmf-dist/tex/generic/pgf/systemlayer/pgfsys-xetex.def
File: pgfsys-xetex.def 2025-08-29 v3.1.11a (3.1.11a)
 (c:/TinyTeX/texmf-dist/tex/generic/pgf/systemlayer/pgfsys-dvipdfmx.def
File: pgfsys-dvipdfmx.def 2025-08-29 v3.1.11a (3.1.11a)
 (c:/TinyTeX/texmf-dist/tex/generic/pgf/systemlayer/pgfsys-common-pdf.def
File: pgfsys-common-pdf.def 2025-08-29 v3.1.11a (3.1.11a)
)
\pgfsys@objnum=\count345
))) (c:/TinyTeX/texmf-dist/tex/generic/pgf/systemlayer/pgfsyssoftpath.code.tex
File: pgfsyssoftpath.code.tex 2025-08-29 v3.1.11a (3.1.11a)
\pgfsyssoftpath@smallbuffer@items=\count346
\pgfsyssoftpath@bigbuffer@items=\count347
) (c:/TinyTeX/texmf-dist/tex/generic/pgf/systemlayer/pgfsysprotocol.code.tex
File: pgfsysprotocol.code.tex 2025-08-29 v3.1.11a (3.1.11a)
)) (c:/TinyTeX/texmf-dist/tex/generic/pgf/basiclayer/pgfcore.code.tex
Package: pgfcore 2025-08-29 v3.1.11a (3.1.11a)
 (c:/TinyTeX/texmf-dist/tex/generic/pgf/math/pgfmath.code.tex (c:/TinyTeX/texmf-dist/tex/generic/pgf/math/pgfmathutil.code.tex) (c:/TinyTeX/texmf-dist/tex/generic/pgf/math/pgfmathparser.code.tex
\pgfmath@dimen=\dimen278
\pgfmath@count=\count348
\pgfmath@box=\box77
\pgfmath@toks=\toks43
\pgfmath@stack@operand=\toks44
\pgfmath@stack@operation=\toks45
) (c:/TinyTeX/texmf-dist/tex/generic/pgf/math/pgfmathfunctions.code.tex) (c:/TinyTeX/texmf-dist/tex/generic/pgf/math/pgfmathfunctions.basic.code.tex) (c:/TinyTeX/texmf-dist/tex/generic/pgf/math/pgfmathfunctions.trigonometric.code.tex) (c:/TinyTeX/texmf-dist/tex/generic/pgf/math/pgfmathfunctions.random.code.tex) (c:/TinyTeX/texmf-dist/tex/generic/pgf/math/pgfmathfunctions.comparison.code.tex) (c:/TinyTeX/texmf-dist/tex/generic/pgf/math/pgfmathfunctions.base.code.tex) (c:/TinyTeX/texmf-dist/tex/generic/pgf/math/pgfmathfunctions.round.code.tex) (c:/TinyTeX/texmf-dist/tex/generic/pgf/math/pgfmathfunctions.misc.code.tex) (c:/TinyTeX/texmf-dist/tex/generic/pgf/math/pgfmathfunctions.integerarithmetics.code.tex) (c:/TinyTeX/texmf-dist/tex/generic/pgf/math/pgfmathcalc.code.tex) (c:/TinyTeX/texmf-dist/tex/generic/pgf/math/pgfmathfloat.code.tex
\c@pgfmathroundto@lastzeros=\count349
)) (c:/TinyTeX/texmf-dist/tex/generic/pgf/math/pgfint.code.tex) (c:/TinyTeX/texmf-dist/tex/generic/pgf/basiclayer/pgfcorepoints.code.tex
File: pgfcorepoints.code.tex 2025-08-29 v3.1.11a (3.1.11a)
\pgf@picminx=\dimen279
\pgf@picmaxx=\dimen280
\pgf@picminy=\dimen281
\pgf@picmaxy=\dimen282
\pgf@pathminx=\dimen283
\pgf@pathmaxx=\dimen284
\pgf@pathminy=\dimen285
\pgf@pathmaxy=\dimen286
\pgf@xx=\dimen287
\pgf@xy=\dimen288
\pgf@yx=\dimen289
\pgf@yy=\dimen290
\pgf@zx=\dimen291
\pgf@zy=\dimen292
) (c:/TinyTeX/texmf-dist/tex/generic/pgf/basiclayer/pgfcorepathconstruct.code.tex
File: pgfcorepathconstruct.code.tex 2025-08-29 v3.1.11a (3.1.11a)
\pgf@path@lastx=\dimen293
\pgf@path@lasty=\dimen294
) (c:/TinyTeX/texmf-dist/tex/generic/pgf/basiclayer/pgfcorepathusage.code.tex
File: pgfcorepathusage.code.tex 2025-08-29 v3.1.11a (3.1.11a)
\pgf@shorten@end@additional=\dimen295
\pgf@shorten@start@additional=\dimen296
) (c:/TinyTeX/texmf-dist/tex/generic/pgf/basiclayer/pgfcorescopes.code.tex
File: pgfcorescopes.code.tex 2025-08-29 v3.1.11a (3.1.11a)
\pgfpic=\box78
\pgf@hbox=\box79
\pgf@layerbox@main=\box80
\pgf@picture@serial@count=\count350
) (c:/TinyTeX/texmf-dist/tex/generic/pgf/basiclayer/pgfcoregraphicstate.code.tex
File: pgfcoregraphicstate.code.tex 2025-08-29 v3.1.11a (3.1.11a)
\pgflinewidth=\dimen297
) (c:/TinyTeX/texmf-dist/tex/generic/pgf/basiclayer/pgfcoretransformations.code.tex
File: pgfcoretransformations.code.tex 2025-08-29 v3.1.11a (3.1.11a)
\pgf@pt@x=\dimen298
\pgf@pt@y=\dimen299
\pgf@pt@temp=\dimen300
) (c:/TinyTeX/texmf-dist/tex/generic/pgf/basiclayer/pgfcorequick.code.tex
File: pgfcorequick.code.tex 2025-08-29 v3.1.11a (3.1.11a)
) (c:/TinyTeX/texmf-dist/tex/generic/pgf/basiclayer/pgfcoreobjects.code.tex
File: pgfcoreobjects.code.tex 2025-08-29 v3.1.11a (3.1.11a)
) (c:/TinyTeX/texmf-dist/tex/generic/pgf/basiclayer/pgfcorepathprocessing.code.tex
File: pgfcorepathprocessing.code.tex 2025-08-29 v3.1.11a (3.1.11a)
) (c:/TinyTeX/texmf-dist/tex/generic/pgf/basiclayer/pgfcorearrows.code.tex
File: pgfcorearrows.code.tex 2025-08-29 v3.1.11a (3.1.11a)
\pgfarrowsep=\dimen301
) (c:/TinyTeX/texmf-dist/tex/generic/pgf/basiclayer/pgfcoreshade.code.tex
File: pgfcoreshade.code.tex 2025-08-29 v3.1.11a (3.1.11a)
\pgf@max=\dimen302
\pgf@sys@shading@range@num=\count351
\pgf@shadingcount=\count352
) (c:/TinyTeX/texmf-dist/tex/generic/pgf/basiclayer/pgfcoreimage.code.tex
File: pgfcoreimage.code.tex 2025-08-29 v3.1.11a (3.1.11a)
) (c:/TinyTeX/texmf-dist/tex/generic/pgf/basiclayer/pgfcoreexternal.code.tex
File: pgfcoreexternal.code.tex 2025-08-29 v3.1.11a (3.1.11a)
\pgfexternal@startupbox=\box81
) (c:/TinyTeX/texmf-dist/tex/generic/pgf/basiclayer/pgfcorelayers.code.tex
File: pgfcorelayers.code.tex 2025-08-29 v3.1.11a (3.1.11a)
) (c:/TinyTeX/texmf-dist/tex/generic/pgf/basiclayer/pgfcoretransparency.code.tex
File: pgfcoretransparency.code.tex 2025-08-29 v3.1.11a (3.1.11a)
) (c:/TinyTeX/texmf-dist/tex/generic/pgf/basiclayer/pgfcorepatterns.code.tex
File: pgfcorepatterns.code.tex 2025-08-29 v3.1.11a (3.1.11a)
) (c:/TinyTeX/texmf-dist/tex/generic/pgf/basiclayer/pgfcorerdf.code.tex
File: pgfcorerdf.code.tex 2025-08-29 v3.1.11a (3.1.11a)
))) (c:/TinyTeX/texmf-dist/tex/generic/pgf/modules/pgfmoduleshapes.code.tex
File: pgfmoduleshapes.code.tex 2025-08-29 v3.1.11a (3.1.11a)
\pgfnodeparttextbox=\box82
) (c:/TinyTeX/texmf-dist/tex/generic/pgf/modules/pgfmoduleplot.code.tex
File: pgfmoduleplot.code.tex 2025-08-29 v3.1.11a (3.1.11a)
) (c:/TinyTeX/texmf-dist/tex/latex/pgf/compatibility/pgfcomp-version-0-65.sty
Package: pgfcomp-version-0-65 2025-08-29 v3.1.11a (3.1.11a)
\pgf@nodesepstart=\dimen303
\pgf@nodesepend=\dimen304
) (c:/TinyTeX/texmf-dist/tex/latex/pgf/compatibility/pgfcomp-version-1-18.sty
Package: pgfcomp-version-1-18 2025-08-29 v3.1.11a (3.1.11a)
)) (c:/TinyTeX/texmf-dist/tex/latex/pgf/utilities/pgffor.sty (c:/TinyTeX/texmf-dist/tex/latex/pgf/utilities/pgfkeys.sty (c:/TinyTeX/texmf-dist/tex/generic/pgf/utilities/pgfkeys.code.tex)) (c:/TinyTeX/texmf-dist/tex/latex/pgf/math/pgfmath.sty (c:/TinyTeX/texmf-dist/tex/generic/pgf/math/pgfmath.code.tex)) (c:/TinyTeX/texmf-dist/tex/generic/pgf/utilities/pgffor.code.tex
Package: pgffor 2025-08-29 v3.1.11a (3.1.11a)
\pgffor@iter=\dimen305
\pgffor@skip=\dimen306
\pgffor@stack=\toks46
\pgffor@toks=\toks47
)) (c:/TinyTeX/texmf-dist/tex/generic/pgf/frontendlayer/tikz/tikz.code.tex
Package: tikz 2025-08-29 v3.1.11a (3.1.11a)
 (c:/TinyTeX/texmf-dist/tex/generic/pgf/libraries/pgflibraryplothandlers.code.tex
File: pgflibraryplothandlers.code.tex 2025-08-29 v3.1.11a (3.1.11a)
\pgf@plot@mark@count=\count353
\pgfplotmarksize=\dimen307
)
\tikz@lastx=\dimen308
\tikz@lasty=\dimen309
\tikz@lastxsaved=\dimen310
\tikz@lastysaved=\dimen311
\tikz@lastmovetox=\dimen312
\tikz@lastmovetoy=\dimen313
\tikzleveldistance=\dimen314
\tikzsiblingdistance=\dimen315
\tikz@figbox=\box83
\tikz@figbox@bg=\box84
\tikz@tempbox=\box85
\tikz@tempbox@bg=\box86
\tikztreelevel=\count354
\tikznumberofchildren=\count355
\tikznumberofcurrentchild=\count356
\tikz@fig@count=\count357
 (c:/TinyTeX/texmf-dist/tex/generic/pgf/modules/pgfmodulematrix.code.tex
File: pgfmodulematrix.code.tex 2025-08-29 v3.1.11a (3.1.11a)
\pgfmatrixcurrentrow=\count358
\pgfmatrixcurrentcolumn=\count359
\pgf@matrix@numberofcolumns=\count360
)
\tikz@expandcount=\count361
 (c:/TinyTeX/texmf-dist/tex/generic/pgf/frontendlayer/tikz/libraries/tikzlibrarytopaths.code.tex
File: tikzlibrarytopaths.code.tex 2025-08-29 v3.1.11a (3.1.11a)
))) (c:/TinyTeX/texmf-dist/tex/latex/tools/verbatim.sty
Package: verbatim 2024-01-22 v1.5x LaTeX2e package for verbatim enhancements
\every@verbatim=\toks48
\verbatim@line=\toks49
\verbatim@in@stream=\read3
)
\tcb@titlebox=\box87
\tcb@upperbox=\box88
\tcb@lowerbox=\box89
\tcb@phantombox=\box90
\c@tcbbreakpart=\count362
\c@tcblayer=\count363
\c@tcolorbox@number=\count364
\l__tcobox_tmpa_box=\box91
\l__tcobox_tmpa_dim=\dimen316
\tcb@temp=\box92
\tcb@temp=\box93
\tcb@temp=\box94
\tcb@temp=\box95
 (c:/TinyTeX/texmf-dist/tex/latex/tcolorbox/tcbskins.code.tex
Library (tcolorbox): 'tcbskins.code.tex' version '6.10.0'
(c:/TinyTeX/texmf-dist/tex/latex/tikzfill/tikzfill.image.sty
Package: tikzfill.image 2026/04/23 v1.2.0 Image filling library for TikZ
 (c:/TinyTeX/texmf-dist/tex/latex/tikzfill/tikzlibraryfill.image.code.tex
File: tikzlibraryfill.image.code.tex 2026/04/23 v1.2.0 Image filling library
\l__tikzfill_tmpa_dim=\dimen317
\l__tikzfill_tmpb_dim=\dimen318
\l__tikzfill_img_box=\box96
)) (c:/TinyTeX/texmf-dist/tex/latex/tcolorbox/tcbskinsjigsaw.code.tex
Library (tcolorbox): 'tcbskinsjigsaw.code.tex' version '6.10.0'
)) (c:/TinyTeX/texmf-dist/tex/latex/tcolorbox/tcbbreakable.code.tex
Library (tcolorbox): 'tcbbreakable.code.tex' version '6.10.0'
(c:/TinyTeX/texmf-dist/tex/latex/pdfcol/pdfcol.sty
Package: pdfcol 2026-06-20 v1.8 Handle new color stacks for pdfTeX (HO)
 (c:/TinyTeX/texmf-dist/tex/generic/ltxcmds/ltxcmds.sty
Package: ltxcmds 2023-12-04 v1.26 LaTeX kernel commands for general use (HO)
) (c:/TinyTeX/texmf-dist/tex/generic/infwarerr/infwarerr.sty
Package: infwarerr 2019/12/03 v1.5 Providing info/warning/error messages (HO)
)
Package pdfcol Info: Interface disabled because of missing PDF mode of pdfTeX.
)
Package pdfcol Info: pdfTeX's color stacks are not available.
\tcb@testbox=\box97
\tcb@totalupperbox=\box98
\tcb@totallowerbox=\box99
)) (c:/TinyTeX/texmf-dist/tex/latex/fontawesome5/fontawesome5.sty
Package: fontawesome5 2022/05/02 v5.15.4 Font Awesome 5
 (c:/TinyTeX/texmf-dist/tex/latex/fontawesome5/fontawesome5-utex-helper.sty
Package: fontawesome5-utex-helper 2022/05/02 v5.15.4 uTeX helper for fontawesome5
LaTeX Font Info:    Trying to load font information for TU+fontawesomefree on input line 69.
 (c:/TinyTeX/texmf-dist/tex/latex/fontawesome5/tufontawesomefree.fd)
LaTeX Font Info:    Trying to load font information for TU+fontawesomebrands on input line 70.
 (c:/TinyTeX/texmf-dist/tex/latex/fontawesome5/tufontawesomebrands.fd))) (c:/TinyTeX/texmf-dist/tex/latex/bookmark/bookmark.sty
Package: bookmark 2026-05-21 v1.32 PDF bookmarks (HO)
 (c:/TinyTeX/texmf-dist/tex/latex/hyperref/hyperref.sty
Package: hyperref 2026-06-17 v7.01r Hypertext links for LaTeX
 (c:/TinyTeX/texmf-dist/tex/latex/kvsetkeys/kvsetkeys.sty
Package: kvsetkeys 2022-10-05 v1.19 Key value parser (HO)
) (c:/TinyTeX/texmf-dist/tex/generic/kvdefinekeys/kvdefinekeys.sty
Package: kvdefinekeys 2019-12-19 v1.6 Define keys (HO)
) (c:/TinyTeX/texmf-dist/tex/generic/pdfescape/pdfescape.sty
Package: pdfescape 2019/12/09 v1.15 Implements pdfTeX's escape features (HO)
 (c:/TinyTeX/texmf-dist/tex/generic/pdftexcmds/pdftexcmds.sty
Package: pdftexcmds 2020-06-27 v0.33 Utility functions of pdfTeX for LuaTeX (HO)
Package pdftexcmds Info: \pdf@primitive is available.
Package pdftexcmds Info: \pdf@ifprimitive is available.
Package pdftexcmds Info: \pdfdraftmode not found.
)) (c:/TinyTeX/texmf-dist/tex/latex/hycolor/hycolor.sty
Package: hycolor 2020-01-27 v1.10 Color options for hyperref/bookmark (HO)
) (c:/TinyTeX/texmf-dist/tex/latex/hyperref/nameref.sty
Package: nameref 2026-01-29 v2.58 Cross-referencing by name of section
 (c:/TinyTeX/texmf-dist/tex/latex/refcount/refcount.sty
Package: refcount 2019/12/15 v3.6 Data extraction from label references (HO)
) (c:/TinyTeX/texmf-dist/tex/generic/gettitlestring/gettitlestring.sty
Package: gettitlestring 2019/12/15 v1.6 Cleanup title references (HO)
 (c:/TinyTeX/texmf-dist/tex/latex/kvoptions/kvoptions.sty
Package: kvoptions 2022-06-15 v3.15 Key value format for package options (HO)
))
\c@section@level=\count365
) (c:/TinyTeX/texmf-dist/tex/generic/stringenc/stringenc.sty
Package: stringenc 2019/11/29 v1.12 Convert strings between diff. encodings (HO)
)
\@linkdim=\dimen319
\Hy@linkcounter=\count366
\Hy@pagecounter=\count367
 (c:/TinyTeX/texmf-dist/tex/latex/hyperref/pd1enc.def
File: pd1enc.def 2026-06-17 v7.01r Hyperref: PDFDocEncoding definition (HO)
) (c:/TinyTeX/texmf-dist/tex/generic/intcalc/intcalc.sty
Package: intcalc 2019/12/15 v1.3 Expandable calculations with integers (HO)
)
\Hy@SavedSpaceFactor=\count368
 (c:/TinyTeX/texmf-dist/tex/latex/hyperref/puenc.def
File: puenc.def 2026-06-17 v7.01r Hyperref: PDF Unicode definition (HO)
)
Package hyperref Info: Option `unicode' set `true' on input line 4070.
Package hyperref Info: Hyper figures OFF on input line 4199.
Package hyperref Info: Link nesting OFF on input line 4204.
Package hyperref Info: Hyper index ON on input line 4207.
Package hyperref Info: Plain pages OFF on input line 4214.
Package hyperref Info: Backreferencing OFF on input line 4219.
Package hyperref Info: Implicit mode ON; LaTeX internals redefined.
Package hyperref Info: Bookmarks ON on input line 4466.
\c@Hy@tempcnt=\count369
 (c:/TinyTeX/texmf-dist/tex/latex/url/url.sty
\Urlmuskip=\muskip19
Package: url 2013/09/16  ver 3.4  Verb mode for urls, etc.
)
LaTeX Info: Redefining \url on input line 4805.
\XeTeXLinkMargin=\dimen320
 (c:/TinyTeX/texmf-dist/tex/generic/bitset/bitset.sty
Package: bitset 2019/12/09 v1.3 Handle bit-vector datatype (HO)
 (c:/TinyTeX/texmf-dist/tex/generic/bigintcalc/bigintcalc.sty
Package: bigintcalc 2019/12/15 v1.5 Expandable calculations on big integers (HO)
))
\Fld@menulength=\count370
\Field@Width=\dimen321
\Fld@charsize=\dimen322
Package hyperref Info: Hyper figures OFF on input line 6091.
Package hyperref Info: Link nesting OFF on input line 6096.
Package hyperref Info: Hyper index ON on input line 6099.
Package hyperref Info: backreferencing OFF on input line 6106.
Package hyperref Info: Link coloring OFF on input line 6111.
Package hyperref Info: Link coloring with OCG OFF on input line 6116.
Package hyperref Info: PDF/A mode OFF on input line 6121.
\Hy@abspage=\count371
\c@Item=\count372
\c@Hfootnote=\count373
)
Package hyperref Info: Driver (autodetected): hxetex.
 (c:/TinyTeX/texmf-dist/tex/latex/hyperref/hxetex.def
File: hxetex.def 2026-06-17 v7.01r Hyperref driver for XeTeX
\pdfm@box=\box100
\c@Hy@AnnotLevel=\count374
\HyField@AnnotCount=\count375
\Fld@listcount=\count376
\c@bookmark@seq@number=\count377
 (c:/TinyTeX/texmf-dist/tex/latex/rerunfilecheck/rerunfilecheck.sty
Package: rerunfilecheck 2025-06-21 v1.11 Rerun checks for auxiliary files (HO)
 (c:/TinyTeX/texmf-dist/tex/generic/uniquecounter/uniquecounter.sty
Package: uniquecounter 2019/12/15 v1.4 Provide unlimited unique counter (HO)
)
Package uniquecounter Info: New unique counter `rerunfilecheck' on input line 284.
)
\Hy@SectionHShift=\skip86
) (c:/TinyTeX/texmf-dist/tex/latex/bookmark/bkm-xetex.def
File: bkm-xetex.def 2026-05-21 v1.32 bookmark driver for xetex (HO)
\BKM@id=\count378
))
\@float@every@codelisting=\toks50
\c@codelisting=\count379
 (c:/TinyTeX/texmf-dist/tex/latex/caption/subcaption.sty
Package: subcaption 2023/07/28 v1.6b Sub-captions (AR)
Package caption Info: New subtype `subfigure' on input line 238.
\c@subfigure=\count380
Package caption Info: New subtype `subtable' on input line 238.
\c@subtable=\count381
)
\c@quartocalloutnteno=\count382
Package hyperref Info: Option `colorlinks' set `true' on input line 245.
 (./Basics-of-sustainability.aux

LaTeX Warning: Label `fig-development-planetary-boundaries' multiply defined.


LaTeX Warning: Label `fig-doughnut' multiply defined.

)
\openout1 = `Basics-of-sustainability.aux'.

LaTeX Font Info:    Checking defaults for OML/cmm/m/it on input line 258.
LaTeX Font Info:    ... okay on input line 258.
LaTeX Font Info:    Checking defaults for OMS/cmsy/m/n on input line 258.
LaTeX Font Info:    ... okay on input line 258.
LaTeX Font Info:    Checking defaults for OT1/cmr/m/n on input line 258.
LaTeX Font Info:    ... okay on input line 258.
LaTeX Font Info:    Checking defaults for T1/cmr/m/n on input line 258.
LaTeX Font Info:    ... okay on input line 258.
LaTeX Font Info:    Checking defaults for TS1/cmr/m/n on input line 258.
LaTeX Font Info:    ... okay on input line 258.
LaTeX Font Info:    Checking defaults for TU/lmr/m/n on input line 258.
LaTeX Font Info:    ... okay on input line 258.
LaTeX Font Info:    Checking defaults for OMX/cmex/m/n on input line 258.
LaTeX Font Info:    ... okay on input line 258.
LaTeX Font Info:    Checking defaults for U/cmr/m/n on input line 258.
LaTeX Font Info:    ... okay on input line 258.
LaTeX Font Info:    Checking defaults for PD1/pdf/m/n on input line 258.
LaTeX Font Info:    ... okay on input line 258.
LaTeX Font Info:    Checking defaults for PU/pdf/m/n on input line 258.
LaTeX Font Info:    ... okay on input line 258.
Package scrbase Info: activating english \abstractname on input line 258.
Package scrbase Info: activating english \partname on input line 258.
Package scrbase Info: activating english \chaptername on input line 258.
Package scrbase Info: activating english \appendixname on input line 258.
Package scrbase Info: activating english \figurename on input line 258.
Package scrbase Info: activating english \tablename on input line 258.
Package scrbase Info: activating english \contentsname on input line 258.
Package scrbase Info: activating english \listfigurename on input line 258.
Package scrbase Info: activating english \listtablename on input line 258.
Package scrbase Info: activating english \bibname on input line 258.
Package scrbase Info: activating english \indexname on input line 258.
LaTeX Font Info:    Overwriting math alphabet `\mathtt' in version `normal'
(Font)                  OT1/lmtt/m/n --> TU/lmtt/m/n on input line 258.
LaTeX Font Info:    Overwriting math alphabet `\mathtt' in version `bold'
(Font)                  OT1/lmtt/m/n --> TU/lmtt/b/n on input line 258.

Package fontspec Info: 
(fontspec)             latinmodern-math scale = 1.04872047721431.


Package fontspec Info: 
(fontspec)             latinmodern-math scale = 1.04872047721431.


Package fontspec Info: 
(fontspec)             latinmodern-math scale = 1.04872047721431.


Package fontspec Info: 
(fontspec)             Font family 'latinmodern-math.otf(0)' created for font
(fontspec)             'latinmodern-math.otf' with options
(fontspec)             [Scale=MatchLowercase,BoldItalicFont={},ItalicFont={},SmallCapsFont={},Script=Math,BoldFont={latinmodern-math.otf}].
(fontspec)              
(fontspec)              This font family consists of the following NFSS
(fontspec)             series/shapes:
(fontspec)              
(fontspec)             - 'normal' (m/n) with NFSS spec.:
(fontspec)             <->s*[1.04872047721431]"[latinmodern-math.otf]/OT:script=math;language=dflt;"
(fontspec)             - 'bold' (b/n) with NFSS spec.:
(fontspec)             <->s*[1.04872047721431]"[latinmodern-math.otf]/OT:script=math;language=dflt;"

LaTeX Font Info:    Font shape `TU/latinmodern-math.otf(0)/m/n' will be
(Font)              scaled to size 11.48349pt on input line 258.

Package fontspec Info: 
(fontspec)             latinmodern-math scale = 1.04872047721431.


Package fontspec Info: 
(fontspec)             latinmodern-math scale = 1.04872047721431.


Package fontspec Info: 
(fontspec)             latinmodern-math scale = 1.04872047721431.


Package fontspec Info: 
(fontspec)             latinmodern-math scale = 1.04872047721431.


Package fontspec Info: 
(fontspec)             latinmodern-math scale = 1.04872047721431.


Package fontspec Info: 
(fontspec)             Font family 'latinmodern-math.otf(1)' created for font
(fontspec)             'latinmodern-math.otf' with options
(fontspec)             [Scale=MatchLowercase,BoldItalicFont={},ItalicFont={},SmallCapsFont={},Script=Math,SizeFeatures={{Size=9.3075-},{Size=6.57-9.3075,Font=latinmodern-math.otf,Style=MathScript},{Size=-6.57,Font=latinmodern-math.otf,Style=MathScriptScript}},BoldFont={latinmodern-math.otf}].
(fontspec)              
(fontspec)              This font family consists of the following NFSS
(fontspec)             series/shapes:
(fontspec)              
(fontspec)             - 'normal' (m/n) with NFSS spec.:
(fontspec)             <9.3075->s*[1.04872047721431]"[latinmodern-math.otf]/OT:script=math;language=dflt;"<6.57-9.3075>s*[1.04872047721431]"[latinmodern-math.otf]/OT:script=math;language=dflt;+ssty=0;"<-6.57>s*[1.04872047721431]"[latinmodern-math.otf]/OT:script=math;language=dflt;+ssty=1;"
(fontspec)             - 'bold' (b/n) with NFSS spec.:
(fontspec)             <->s*[1.04872047721431]"[latinmodern-math.otf]/OT:script=math;language=dflt;"

LaTeX Font Info:    Font shape `TU/latinmodern-math.otf(1)/m/n' will be
(Font)              scaled to size 11.48349pt on input line 258.
LaTeX Font Info:    Encoding `OT1' has changed to `TU' for symbol font
(Font)              `operators' in the math version `normal' on input line 258.
LaTeX Font Info:    Overwriting symbol font `operators' in version `normal'
(Font)                  OT1/lmr/m/n --> TU/latinmodern-math.otf(1)/m/n on input line 258.
LaTeX Font Info:    Encoding `OT1' has changed to `TU' for symbol font
(Font)              `operators' in the math version `bold' on input line 258.
LaTeX Font Info:    Overwriting symbol font `operators' in version `bold'
(Font)                  OT1/lmr/bx/n --> TU/latinmodern-math.otf(1)/b/n on input line 258.

Package fontspec Info: 
(fontspec)             latinmodern-math scale = 1.04872047721431.


Package fontspec Info: 
(fontspec)             latinmodern-math scale = 1.048825349262031.


Package fontspec Info: 
(fontspec)             latinmodern-math scale = 1.04872047721431.


Package fontspec Info: 
(fontspec)             latinmodern-math scale = 1.048825349262031.


Package fontspec Info: 
(fontspec)             latinmodern-math scale = 1.04872047721431.


Package fontspec Info: 
(fontspec)             latinmodern-math scale = 1.048825349262031.


Package fontspec Info: 
(fontspec)             latinmodern-math scale = 1.04872047721431.


Package fontspec Info: 
(fontspec)             latinmodern-math scale = 1.048825349262031.


Package fontspec Info: 
(fontspec)             latinmodern-math scale = 1.04872047721431.


Package fontspec Info: 
(fontspec)             latinmodern-math scale = 1.048825349262031.


Package fontspec Info: 
(fontspec)             Font family 'latinmodern-math.otf(2)' created for font
(fontspec)             'latinmodern-math.otf' with options
(fontspec)             [Scale=MatchLowercase,BoldItalicFont={},ItalicFont={},SmallCapsFont={},Script=Math,SizeFeatures={{Size=9.3075-},{Size=6.57-9.3075,Font=latinmodern-math.otf,Style=MathScript},{Size=-6.57,Font=latinmodern-math.otf,Style=MathScriptScript}},BoldFont={latinmodern-math.otf},ScaleAgain=1.0001,FontAdjustment={\fontdimen
(fontspec)             8\font =7.77432pt\relax \fontdimen 9\font
(fontspec)             =4.52449pt\relax \fontdimen 10\font =5.09866pt\relax
(fontspec)             \fontdimen 11\font =7.87767pt\relax \fontdimen 12\font
(fontspec)             =3.9618pt\relax \fontdimen 13\font =4.1685pt\relax
(fontspec)             \fontdimen 14\font =4.1685pt\relax \fontdimen 15\font
(fontspec)             =3.31873pt\relax \fontdimen 16\font =2.83643pt\relax
(fontspec)             \fontdimen 17\font =2.83643pt\relax \fontdimen 18\font
(fontspec)             =2.87088pt\relax \fontdimen 19\font =2.29669pt\relax
(fontspec)             \fontdimen 22\font =2.87088pt\relax \fontdimen 20\font
(fontspec)             =0pt\relax \fontdimen 21\font =0pt\relax }].
(fontspec)              
(fontspec)              This font family consists of the following NFSS
(fontspec)             series/shapes:
(fontspec)              
(fontspec)             - 'normal' (m/n) with NFSS spec.:
(fontspec)             <9.3075->s*[1.048825349262031]"[latinmodern-math.otf]/OT:script=math;language=dflt;"<6.57-9.3075>s*[1.048825349262031]"[latinmodern-math.otf]/OT:script=math;language=dflt;+ssty=0;"<-6.57>s*[1.048825349262031]"[latinmodern-math.otf]/OT:script=math;language=dflt;+ssty=1;"
(fontspec)             - 'bold' (b/n) with NFSS spec.:
(fontspec)             <->s*[1.048825349262031]"[latinmodern-math.otf]/OT:script=math;language=dflt;"

LaTeX Font Info:    Encoding `OMS' has changed to `TU' for symbol font
(Font)              `symbols' in the math version `normal' on input line 258.
LaTeX Font Info:    Overwriting symbol font `symbols' in version `normal'
(Font)                  OMS/lmsy/m/n --> TU/latinmodern-math.otf(2)/m/n on input line 258.
LaTeX Font Info:    Encoding `OMS' has changed to `TU' for symbol font
(Font)              `symbols' in the math version `bold' on input line 258.
LaTeX Font Info:    Overwriting symbol font `symbols' in version `bold'
(Font)                  OMS/lmsy/b/n --> TU/latinmodern-math.otf(2)/b/n on input line 258.

Package fontspec Info: 
(fontspec)             latinmodern-math scale = 1.04872047721431.


Package fontspec Info: 
(fontspec)             latinmodern-math scale = 1.048615605166589.


Package fontspec Info: 
(fontspec)             latinmodern-math scale = 1.04872047721431.


Package fontspec Info: 
(fontspec)             latinmodern-math scale = 1.048615605166589.


Package fontspec Info: 
(fontspec)             latinmodern-math scale = 1.04872047721431.


Package fontspec Info: 
(fontspec)             latinmodern-math scale = 1.048615605166589.


Package fontspec Info: 
(fontspec)             latinmodern-math scale = 1.04872047721431.


Package fontspec Info: 
(fontspec)             latinmodern-math scale = 1.048615605166589.


Package fontspec Info: 
(fontspec)             latinmodern-math scale = 1.04872047721431.


Package fontspec Info: 
(fontspec)             latinmodern-math scale = 1.048615605166589.


Package fontspec Info: 
(fontspec)             Font family 'latinmodern-math.otf(3)' created for font
(fontspec)             'latinmodern-math.otf' with options
(fontspec)             [Scale=MatchLowercase,BoldItalicFont={},ItalicFont={},SmallCapsFont={},Script=Math,SizeFeatures={{Size=9.3075-},{Size=6.57-9.3075,Font=latinmodern-math.otf,Style=MathScript},{Size=-6.57,Font=latinmodern-math.otf,Style=MathScriptScript}},BoldFont={latinmodern-math.otf},ScaleAgain=0.9999,FontAdjustment={\fontdimen
(fontspec)             8\font =0.45934pt\relax \fontdimen 9\font
(fontspec)             =2.29669pt\relax \fontdimen 10\font =1.91774pt\relax
(fontspec)             \fontdimen 11\font =1.27467pt\relax \fontdimen 12\font
(fontspec)             =6.89009pt\relax \fontdimen 13\font =0pt\relax }].
(fontspec)              
(fontspec)              This font family consists of the following NFSS
(fontspec)             series/shapes:
(fontspec)              
(fontspec)             - 'normal' (m/n) with NFSS spec.:
(fontspec)             <9.3075->s*[1.048615605166589]"[latinmodern-math.otf]/OT:script=math;language=dflt;"<6.57-9.3075>s*[1.048615605166589]"[latinmodern-math.otf]/OT:script=math;language=dflt;+ssty=0;"<-6.57>s*[1.048615605166589]"[latinmodern-math.otf]/OT:script=math;language=dflt;+ssty=1;"
(fontspec)             - 'bold' (b/n) with NFSS spec.:
(fontspec)             <->s*[1.048615605166589]"[latinmodern-math.otf]/OT:script=math;language=dflt;"

LaTeX Font Info:    Encoding `OMX' has changed to `TU' for symbol font
(Font)              `largesymbols' in the math version `normal' on input line 258.
LaTeX Font Info:    Overwriting symbol font `largesymbols' in version `normal'
(Font)                  OMX/lmex/m/n --> TU/latinmodern-math.otf(3)/m/n on input line 258.
LaTeX Font Info:    Encoding `OMX' has changed to `TU' for symbol font
(Font)              `largesymbols' in the math version `bold' on input line 258.
LaTeX Font Info:    Overwriting symbol font `largesymbols' in version `bold'
(Font)                  OMX/lmex/m/n --> TU/latinmodern-math.otf(3)/b/n on input line 258.
LaTeX Info: Redefining \microtypecontext on input line 258.
Package microtype Info: Applying patch `item' on input line 258.
Package microtype Info: Applying patch `toc' on input line 258.
Package microtype Info: Applying patch `eqnum' on input line 258.
Package microtype Info: Applying patch `footnote' on input line 258.
Package microtype Info: Applying patch `verbatim' on input line 258.
LaTeX Info: Redefining \microtypesetup on input line 258.
Package microtype Info: Character protrusion enabled (level 2).
Package microtype Info: Using protrusion set `basicmath'.
Package microtype Info: No adjustment of tracking.
Package microtype Info: No adjustment of spacing.
Package microtype Info: No adjustment of kerning.
Package microtype Info: Loading generic protrusion settings for font family
(microtype)             `Alegreya' (encoding: TU).
(microtype)             For optimal results, create family-specific settings.
(microtype)             See the microtype manual for details.
Package caption Info: Begin \AtBeginDocument code.
Package caption Info: hyperref package is loaded.
Package caption Info: End \AtBeginDocument code.
Package hyperref Info: Link coloring ON on input line 258.
File: CoverLehrbuch.pdf Graphic file (type pdf)
<use CoverLehrbuch.pdf>
File: CoverLehrbuch.pdf Graphic file (type pdf)
<use CoverLehrbuch.pdf, page 1>
File: CoverLehrbuch.pdf Graphic file (type pdf)
<use CoverLehrbuch.pdf, page 1>
File: CoverLehrbuch.pdf Graphic file (type pdf)
<use CoverLehrbuch.pdf, page 1>
File: CoverLehrbuch.pdf Graphic file (type pdf)
<use CoverLehrbuch.pdf, page 1>
File: CoverLehrbuch.pdf Graphic file (type pdf)
<use CoverLehrbuch.pdf, page 1>
 [1


]
LaTeX Font Info:    Font shape `TU/SourceSansPro(0)/m/n' will be
(Font)              scaled to size 10.18391pt on input line 266.
Package microtype Info: Loading generic protrusion settings for font family
(microtype)             `SourceSansPro' (encoding: TU).
(microtype)             For optimal results, create family-specific settings.
(microtype)             See the microtype manual for details.
LaTeX Font Info:    Font shape `TU/SourceSansPro(0)/b/n' will be
(Font)              scaled to size 9.97856pt on input line 266.
LaTeX Font Info:    Font shape `TU/SourceSansPro(0)/b/n' will be
(Font)              scaled to size 18.90005pt on input line 266.
Package tocbasic Info: character protrusion at toc deactivated on input line 266.
 (./Basics-of-sustainability.toc
LaTeX Font Info:    Font shape `TU/latinmodern-math.otf(1)/m/n' will be
(Font)              scaled to size 8.03844pt on input line 2.
LaTeX Font Info:    Font shape `TU/latinmodern-math.otf(1)/m/n' will be
(Font)              scaled to size 5.74174pt on input line 2.
LaTeX Font Info:    Trying to load font information for OML+lmm on input line 2.
 (c:/TinyTeX/texmf-dist/tex/latex/lm/omllmm.fd
File: omllmm.fd 2015/05/01 v1.6.1 Font defs for Latin Modern
)
LaTeX Font Info:    Font shape `TU/latinmodern-math.otf(2)/m/n' will be
(Font)              scaled to size 11.48465pt on input line 2.
LaTeX Font Info:    Font shape `TU/latinmodern-math.otf(2)/m/n' will be
(Font)              scaled to size 8.03925pt on input line 2.
LaTeX Font Info:    Font shape `TU/latinmodern-math.otf(2)/m/n' will be
(Font)              scaled to size 5.74234pt on input line 2.
LaTeX Font Info:    Font shape `TU/latinmodern-math.otf(3)/m/n' will be
(Font)              scaled to size 11.48232pt on input line 2.
LaTeX Font Info:    Font shape `TU/latinmodern-math.otf(3)/m/n' will be
(Font)              scaled to size 8.03761pt on input line 2.
LaTeX Font Info:    Font shape `TU/latinmodern-math.otf(3)/m/n' will be
(Font)              scaled to size 5.74117pt on input line 2.
LaTeX Font Info:    Trying to load font information for U+msa on input line 2.
 (c:/TinyTeX/texmf-dist/tex/latex/amsfonts/umsa.fd
File: umsa.fd 2013/01/14 v3.01 AMS symbols A
) (c:/TinyTeX/texmf-dist/tex/latex/microtype/mt-msa.cfg
File: mt-msa.cfg 2006/02/04 v1.1 microtype config. file: AMS symbols (a) (RS)
)
LaTeX Font Info:    Trying to load font information for U+msb on input line 2.
 (c:/TinyTeX/texmf-dist/tex/latex/amsfonts/umsb.fd
File: umsb.fd 2013/01/14 v3.01 AMS symbols B
) (c:/TinyTeX/texmf-dist/tex/latex/microtype/mt-msb.cfg
File: mt-msb.cfg 2005/06/01 v1.0 microtype config. file: AMS symbols (b) (RS)
)
LaTeX Font Info:    Font shape `TU/SourceSansPro(0)/b/n' will be
(Font)              scaled to size 10.93542pt on input line 6.
LaTeX Font Info:    Font shape `TU/Alegreya(0)/m/n' will be
(Font)              scaled to size 12.0pt on input line 6.
 [2

]
LaTeX Font Info:    Font shape `TU/Alegreya(0)/m/it' will be
(Font)              scaled to size 10.95pt on input line 57.
 [3])
\tf@toc=\write4
\openout4 = `Basics-of-sustainability.toc'.

 [4]
Underfull \hbox (badness 4001) in paragraph at lines 276--282
\TU/Alegreya(0)/m/n/10.95 This introduction to the foundations and challenges of sustainable development is aimed
 []


Underfull \hbox (badness 1565) in paragraph at lines 276--282
\TU/Alegreya(0)/m/n/10.95 at students and lecturers dealing with the most pressing issues of our time from different
 []

LaTeX Font Info:    Font shape `TU/SourceSansPro(0)/b/n' will be
(Font)              scaled to size 13.1225pt on input line 319.
LaTeX Font Info:    Font shape `TU/Alegreya(0)/b/n' will be
(Font)              scaled to size 10.95pt on input line 328.
[5

]
Underfull \hbox (badness 1297) in paragraph at lines 332--336
[]\TU/Alegreya(0)/m/n/10.95 Bader, C. (2025). Understanding and concepts of sustainability. In C. Bader (Ed.), Basics
 []


Underfull \hbox (badness 3668) in paragraph at lines 332--336
\TU/Alegreya(0)/m/n/10.95 of Sustainability (Version 1.0) [Online book]. CDE, University of Bern. Retrieved from
 []


Overfull \hbox (82.82524pt too wide) in paragraph at lines 339--343
\TU/Alegreya(0)/m/n/10.95 1.0) [Online book]. CDE, University of Bern. Retrieved from https://cdeteaching.github.io/Basics-of-sustainability/ 
 []


Overfull \hbox (121.0736pt too wide) in paragraph at lines 346--350
\TU/Alegreya(0)/m/n/10.95 (Version 1.0) [Online book]. CDE, University of Bern. Retrieved from https://cdeteaching.github.io/Basics-of-sustainability/ 
 []


Overfull \hbox (121.0736pt too wide) in paragraph at lines 353--357
\TU/Alegreya(0)/m/n/10.95 (Version 1.0) [Online book]. CDE, University of Bern. Retrieved from https://cdeteaching.github.io/Basics-of-sustainability/ 
 []


Overfull \hbox (121.0736pt too wide) in paragraph at lines 360--364
\TU/Alegreya(0)/m/n/10.95 (Version 1.0) [Online book]. CDE, University of Bern. Retrieved from https://cdeteaching.github.io/Basics-of-sustainability/ 
 []


Overfull \hbox (5.25383pt too wide) in paragraph at lines 390--390
[]|[][]\TU/Alegreya(0)/m/n/10.95 0000-0002-8991-353X[][]|  
 []


Overfull \hbox (3.08572pt too wide) in paragraph at lines 404--404
[]|[][]\TU/Alegreya(0)/m/n/10.95 0009-0002-0221-6414[][]|  
 []

[6] [7]
File: images/Intro1a_cristo.png Graphic file (type bmp)
<images/Intro1a_cristo.png>
LaTeX Font Info:    Font shape `TU/Alegreya(0)/m/n' will be
(Font)              scaled to size 9.0pt on input line 444.

Underfull \hbox (badness 10000) in paragraph at lines 444--444
[][]|[]\TU/Alegreya(0)/m/n/9 “Wrapped Globe (Eurasian Hemisphere)” by
 []

File: images/Intro2a_times.png Graphic file (type bmp)
<images/Intro2a_times.png>
[8

]
Underfull \hbox (badness 3128) in paragraph at lines 555--561
[]\TU/Alegreya(0)/m/n/10.95 Finally, we hope that this textbook will inspire readers to reflect on their own roles and
 []


Underfull \hbox (badness 1337) in paragraph at lines 555--561
\TU/Alegreya(0)/m/n/10.95 responsibilities in relation to sustainability, and that it will equip you to make a difference
 []

[9] [10]
part I.
Package scrkbase Info: You've told me to use the font selection of the element
(scrkbase)             `partprefix' that is an alias of element `partnumber'
(scrkbase)              on input line 562.
LaTeX Font Info:    Font shape `TU/SourceSansPro(0)/b/n' will be
(Font)              scaled to size 22.67278pt on input line 562.
[11

]
chapter 1.

Underfull \hbox (badness 1596) in paragraph at lines 587--591
[]\TU/Alegreya(0)/m/n/10.95 Today, the term sustainability is everywhere: it’s used in connection with energy, mobility,
 []

File: 1_understanding/images/word_sustainable.png Graphic file (type bmp)
<1_understanding/images/word_sustainable.png>
LaTeX Font Info:    Font shape `TU/latinmodern-math.otf(1)/m/n' will be
(Font)              scaled to size 9.43849pt on input line 603.
LaTeX Font Info:    Font shape `TU/latinmodern-math.otf(1)/m/n' will be
(Font)              scaled to size 6.29233pt on input line 603.
LaTeX Font Info:    Font shape `TU/latinmodern-math.otf(1)/m/n' will be
(Font)              scaled to size 5.2436pt on input line 603.
LaTeX Font Info:    Font shape `TU/latinmodern-math.otf(2)/m/n' will be
(Font)              scaled to size 9.43945pt on input line 603.
LaTeX Font Info:    Font shape `TU/latinmodern-math.otf(2)/m/n' will be
(Font)              scaled to size 6.29297pt on input line 603.
LaTeX Font Info:    Font shape `TU/latinmodern-math.otf(2)/m/n' will be
(Font)              scaled to size 5.24414pt on input line 603.
LaTeX Font Info:    Font shape `TU/latinmodern-math.otf(3)/m/n' will be
(Font)              scaled to size 9.43753pt on input line 603.
LaTeX Font Info:    Font shape `TU/latinmodern-math.otf(3)/m/n' will be
(Font)              scaled to size 6.29169pt on input line 603.
LaTeX Font Info:    Font shape `TU/latinmodern-math.otf(3)/m/n' will be
(Font)              scaled to size 5.24307pt on input line 603.
[12

]
File: 1_understanding/images/SD_normative.jpg Graphic file (type bmp)
<1_understanding/images/SD_normative.jpg>
 [13]
Underfull \hbox (badness 1412) in paragraph at lines 650--666
\TU/Alegreya(0)/m/n/10.95 changes in our socio-ecological systems and institutions. “Development” implies controlled
 []

[14]
File: 1_understanding/images/Fig1_3_WickedProblems.png Graphic file (type bmp)
<1_understanding/images/Fig1_3_WickedProblems.png>
 [15]
Underfull \hbox (badness 2150) in paragraph at lines 744--748
[]\TU/Alegreya(0)/b/n/10.95 Uncertainty\TU/Alegreya(0)/m/n/10.95 : Incorrect, missing, or inaccessible information about the problem
 []

[16]
File: 1_understanding/images/Great-Acceleration_socio-economic_trends.jpg Graphic file (type bmp)
<1_understanding/images/Great-Acceleration_socio-economic_trends.jpg>

Overfull \hbox (4.33578pt too wide) in paragraph at lines 806--811
[][] 
 []

File: 1_understanding/images/Great-Acceleration_earth-system_trends.jpg Graphic file (type bmp)
<1_understanding/images/Great-Acceleration_earth-system_trends.jpg>

Overfull \hbox (4.341pt too wide) in paragraph at lines 816--821
[][] 
 []

[17] [18]
Underfull \hbox (badness 10000) in paragraph at lines 873--884
[]\TU/Alegreya(0)/m/n/10.95 The Great Acceleration (Figure [][]1.4[][]) describes the observable and measurable (negative)
 []

[19]
Underfull \hbox (badness 1394) in paragraph at lines 938--955
\TU/Alegreya(0)/m/n/10.95 Club of Rome (founded in 1968), debates on planetary boundaries, and critiques of growth.
 []


Underfull \hbox (badness 2065) in paragraph at lines 938--955
\TU/Alegreya(0)/m/n/10.95 economist, Giorgos Kallis, proposes a different approach. Kallis (2019) advocates personal
 []

[20]
File: 1_understanding/images/Basic-model.png Graphic file (type bmp)
<1_understanding/images/Basic-model.png>

Underfull \hbox (badness 1005) in paragraph at lines 1006--1022
\TU/Alegreya(0)/m/n/10.95 dynamics of complex systems (“system dynamics”) to understand the world. They take into
 []

[21]
File: 1_understanding/images/Demonstration_air-pollution_Zürich.png Graphic file (type bmp)
<1_understanding/images/Demonstration_air-pollution_Zürich.png>
 [22]
Underfull \hbox (badness 2302) in paragraph at lines 1073--1083
[]\TU/Alegreya(0)/m/n/10.95 The emergence of environmental problems in the 1970s and 1980s coincided with the first
 []


Underfull \hbox (badness 3907) in paragraph at lines 1105--1112
[]\TU/Alegreya(0)/m/n/10.95 The Brundtland Report found that global environmental problems were mainly caused by
 []


Underfull \hbox (badness 1237) in paragraph at lines 1105--1112
\TU/Alegreya(0)/m/n/10.95 unsustainable consumption and production patterns in the North and severe poverty in the
 []

[23]
Underfull \hbox (badness 2119) in paragraph at lines 1119--1128
[]\TU/Alegreya(0)/m/n/10.95 This definition introduced an ethical perspective into the sustainability debate, placing the
 []


Underfull \hbox (badness 1755) in paragraph at lines 1178--1181
[]\TU/Alegreya(0)/m/n/10.95 Agenda 21, probably best known of the five agreements, according to which national
 []

[24]
Underfull \hbox (badness 1454) in paragraph at lines 1183--1191
\TU/Alegreya(0)/m/n/10.95 progress is only possible using an ecosystem approach. This, in turn, requires a new and
 []


Underfull \hbox (badness 2426) in paragraph at lines 1222--1230
\TU/Alegreya(0)/m/n/10.95 The core principles of Agenda 21 – empowering women, protecting the environment, and
 []

[25]
Underfull \hbox (badness 1845) in paragraph at lines 1280--1284
[]\TU/Alegreya(0)/b/n/10.95 Prosperity\TU/Alegreya(0)/m/n/10.95 : This refers to economic growth, sustainable production and consumption
 []

[26]
Underfull \hbox (badness 3108) in paragraph at lines 1309--1313
[]\TU/Alegreya(0)/m/n/10.95 The 2015 Paris Climate Agreement applies to every country that has ratified it, including
 []


Underfull \hbox (badness 3449) in paragraph at lines 1317--1330
\TU/Alegreya(0)/m/n/10.95 While there has been some progress in institutionalizing and disseminating sustainability
 []

LaTeX Font Info:    Font shape `TU/Alegreya(0)/m/n' will be
(Font)              scaled to size 7.665pt on input line 1332.

Underfull \hbox (badness 1077) in paragraph at lines 1331--1339
\TU/Alegreya(0)/m/n/10.95 socioeconomic in-equality in many countries, often linked to sociopolitical and sociocultural
 []

[27]
File: 1_understanding/images/Fig1_7_EthicsBranches.png Graphic file (type bmp)
<1_understanding/images/Fig1_7_EthicsBranches.png>
 [28]
Underfull \hbox (badness 1043) in paragraph at lines 1442--1454
\TU/Alegreya(0)/m/n/10.95 of utilitarianism is Jeremy Bentham’s (1748–1832) An \TU/Alegreya(0)/m/it/10.95 Introduction to the Principles of Morals and
 []


Underfull \hbox (badness 3333) in paragraph at lines 1472--1484
\TU/Alegreya(0)/m/n/10.95 Hans Jonas’s “imperative of responsibility ” (1979) offers an important contribution to the
 []

[29]
Underfull \hbox (badness 1320) in paragraph at lines 1502--1516
\TU/Alegreya(0)/m/n/10.95 the risks and harm that could arise for future generations from the technologies that were
 []


Underfull \hbox (badness 4001) in paragraph at lines 1517--1521
[]\TU/Alegreya(0)/m/n/10.95 Jonas’ imperative of responsibility can be considered in connection with various areas of
 []


Underfull \hbox (badness 1603) in paragraph at lines 1517--1521
\TU/Alegreya(0)/m/n/10.95 responsibility that represent different ethical approaches: anthropocentrism, pathocentrism,
 []

File: 1_understanding/images/Anthropocentrism.jpg Graphic file (type bmp)
<1_understanding/images/Anthropocentrism.jpg>
[30]
Underfull \hbox (badness 1527) in paragraph at lines 1559--1565
\TU/Alegreya(0)/m/n/10.95 Is “sustainable development” a development theory? Yes and no. No, because sustainable
 []

[31]
Underfull \hbox (badness 1694) in paragraph at lines 1576--1584
[]\TU/Alegreya(0)/m/n/10.95 Normative theories focus on the question of what development should look like, and what
 []


Underfull \hbox (badness 1708) in paragraph at lines 1576--1584
\TU/Alegreya(0)/m/n/10.95 framework for policy decisions and measures. Examples include the theory of sustainable
 []


Underfull \hbox (badness 2126) in paragraph at lines 1585--1590
[]\TU/Alegreya(0)/m/n/10.95 Strategic theories investigate which strategies and measures are needed to achieve desired
 []


Underfull \hbox (badness 1067) in paragraph at lines 1591--1597
\TU/Alegreya(0)/m/n/10.95 variables. This involves examining economic, social, political, or cultural factors to identify
 []

LaTeX Font Info:    Font shape `TU/Alegreya(0)/m/n' will be
(Font)              scaled to size 8.0pt on input line 1602.
LaTeX Font Info:    Font shape `TU/Alegreya(0)/b/n' will be
(Font)              scaled to size 8.0pt on input line 1606.

Overfull \hbox (10.18044pt too wide) in alignment at lines 1604--1608
 [] [] [] [] [] [] 
 []

LaTeX Font Info:    Font shape `TU/Alegreya(0)/m/it' will be
(Font)              scaled to size 8.0pt on input line 1609.

Overfull \hbox (10.18044pt too wide) in alignment at lines 1608--1613
 [] [] [] [] [] [] 
 []


Overfull \hbox (10.18044pt too wide) in alignment at lines 1613--1615
 [] [] [] [] [] [] 
 []


Overfull \hbox (10.18044pt too wide) in alignment at lines 1615--1617
 [] [] [] [] [] [] 
 []


Overfull \hbox (1.85143pt too wide) in paragraph at lines 1622--1622
[]|\TU/Alegreya(0)/b/n/8 Consequences|  
 []


Overfull \hbox (10.18044pt too wide) in alignment at lines 1617--1623
 [] [] [] [] [] [] 
 []

[32]
Underfull \hbox (badness 2057) in paragraph at lines 1628--1642
\TU/Alegreya(0)/m/n/10.95 to modern, industrialized societies as the basis for development. For proponents of
 []


Underfull \hbox (badness 2707) in paragraph at lines 1628--1642
\TU/Alegreya(0)/m/n/10.95 modernization theory, the countries of the Global South are developing in the same
 []


Underfull \hbox (badness 1024) in paragraph at lines 1628--1642
\TU/Alegreya(0)/m/n/10.95 associated with stage theories, which emerged in the 1950s and 1960s. Stage theories
 []


Underfull \hbox (badness 2126) in paragraph at lines 1628--1642
\TU/Alegreya(0)/m/n/10.95 of development, with emphasis on economic growth and modernization. Prominent
 []

[33]
File: 1_understanding/images/sustainability-intersection.jpg Graphic file (type bmp)
<1_understanding/images/sustainability-intersection.jpg>
 [34] [35]
File: 1_understanding/images/sustainability-nested.jpg Graphic file (type bmp)
<1_understanding/images/sustainability-nested.jpg>
 [36]
File: 1_understanding/images/sustainability-4-dimensions.jpg Graphic file (type bmp)
<1_understanding/images/sustainability-4-dimensions.jpg>

Underfull \hbox (badness 1472) in paragraph at lines 1777--1789
[]\TU/Alegreya(0)/m/n/10.95 Cultural sustainability is often seen as a part of social sustainability. Sometimes the term
 []

[37]
Underfull \hbox (badness 1337) in paragraph at lines 1798--1812
\TU/Alegreya(0)/m/n/10.95 development – defines culture in its broadest sense: as a comprehensive way of life and a
 []


Underfull \hbox (badness 1178) in paragraph at lines 1798--1812
\TU/Alegreya(0)/m/n/10.95 and our ways of working are all cultural products. Culture thus encompasses all the other
 []


Underfull \hbox (badness 1803) in paragraph at lines 1813--1822
\TU/Alegreya(0)/m/n/10.95 the importance of intellectual growth and responsibility. This means acquiring knowledge,
 []


Underfull \hbox (badness 1033) in paragraph at lines 1813--1822
\TU/Alegreya(0)/m/n/10.95 and events. It also means acting not only as individuals, but also as members of different
 []

[38]
Underfull \hbox (badness 1796) in paragraph at lines 1852--1858
\TU/Alegreya(0)/m/n/10.95 activity. This includes buildings, machinery, technological equipment, means of transport,
 []


Underfull \hbox (badness 1048) in paragraph at lines 1852--1858
\TU/Alegreya(0)/m/n/10.95 and physical infrastructure. Manufactured capital is closely linked to economic growth and
 []


Underfull \hbox (badness 4144) in paragraph at lines 1868--1884
\TU/Alegreya(0)/m/n/10.95 Weak sustainability can be considered the “soft” or flexible option. Supporters of weak
 []


Underfull \hbox (badness 10000) in paragraph at lines 1896--1906
\TU/Alegreya(0)/m/n/10.95 and numerous assumptions involved. This goes beyond fundamental questions about
 []

[39]
Underfull \hbox (badness 3492) in paragraph at lines 1918--1925
\TU/Alegreya(0)/m/n/10.95 natural resources with manufactured ones, believing these resource types to have limited
 []


Overfull \hbox (5.50644pt too wide) in paragraph at lines 1937--1938
[]\TU/Alegreya(0)/b/n/10.95 Category  
 []


Overfull \hbox (5.50644pt too wide) in paragraph at lines 1951--1952
[]\TU/Alegreya(0)/b/n/10.95 Category  
 []


Overfull \hbox (13.25905pt too wide) in paragraph at lines 1965--1965
\TU/Alegreya(0)/b/n/10.95 preserved?|  
 []


Overfull \hbox (5.2765pt too wide) in paragraph at lines 1973--1974
[]\TU/Alegreya(0)/b/n/10.95 (Policies)|  
 []


Overfull \hbox (34.9291pt too wide) in paragraph at lines 1978--1978
[]|\TU/Alegreya(0)/b/n/10.95 Substitutability|  
 []


Overfull \hbox (0.31917pt too wide) in paragraph at lines 1989--1999
[]\TU/Alegreya(0)/m/n/10.95 While neoclassical economists are confident about substitution, proponents of strong sustainability
 []

[40]
File: 1_understanding/images/sustainability-strategies.jpg Graphic file (type bmp)
<1_understanding/images/sustainability-strategies.jpg>
 [41]
Underfull \hbox (badness 4886) in paragraph at lines 2056--2059
[]\TU/Alegreya(0)/b/n/10.95 Efficient building technology\TU/Alegreya(0)/m/n/10.95 : Installing smart HVAC (heating, ventilation, and air
 []

[42]
Underfull \hbox (badness 1019) in paragraph at lines 2068--2088
\TU/Alegreya(0)/m/n/10.95 of fossil fuel-based resources, products, and technologies, it seeks to use materials that are
 []


Underfull \hbox (badness 1490) in paragraph at lines 2089--2096
\TU/Alegreya(0)/m/n/10.95 implementing technologies to achieve it would require significant investment in production
 []


Underfull \hbox (badness 1902) in paragraph at lines 2098--2104
[]\TU/Alegreya(0)/m/n/10.95 “Every material economic process results in an increase in entropy, i.e. roughly
 []


Underfull \hbox (badness 1910) in paragraph at lines 2098--2104
\TU/Alegreya(0)/m/n/10.95 concentration requires an ever-increasing amount of energy.” (Translated from
 []

[43]
Underfull \hbox (badness 3724) in paragraph at lines 2133--2151
\TU/Alegreya(0)/m/n/10.95 The concept of sufficiency, rooted in the Latin word sufficere (to suffice), challenges our
 []


Underfull \hbox (badness 1253) in paragraph at lines 2160--2163
\TU/Alegreya(0)/m/n/10.95 make it possible to use resources more efficiently and reduce the number of products
 []


Underfull \hbox (badness 2828) in paragraph at lines 2164--2166
[]\TU/Alegreya(0)/b/n/10.95 Plant-based diet\TU/Alegreya(0)/m/n/10.95 : A predominantly plant-based diet is less resource-intensive than a
 []

[44]
File: 1_understanding/images/rebound-effect-fietsprofessor.jpg Graphic file (type bmp)
<1_understanding/images/rebound-effect-fietsprofessor.jpg>

Underfull \hbox (badness 2111) in paragraph at lines 2194--2194
[][]|[]\TU/Alegreya(0)/m/n/9 Rebound effect illustrated using the example
 []


Underfull \hbox (badness 10000) in paragraph at lines 2194--2194
\TU/Alegreya(0)/m/n/9 of the automotive industry. Source:
 []


Underfull \hbox (badness 5091) in paragraph at lines 2203--2206
\TU/Alegreya(0)/m/n/10.95 bigger, more complex, and more
 []


Underfull \hbox (badness 2894) in paragraph at lines 2203--2206
\TU/Alegreya(0)/m/n/10.95 opposite direction.” (Schumacher
 []

File: 1_understanding/images/rebound-effect.png Graphic file (type bmp)
<1_understanding/images/rebound-effect.png>
[45]
Underfull \hbox (badness 2922) in paragraph at lines 2270--2274
\TU/Alegreya(0)/m/n/10.95 demand for fuel may fall, making fuel cheaper and affecting demand in other
 []


Underfull \hbox (badness 6808) in paragraph at lines 2286--2303
\TU/Alegreya(0)/m/n/10.95 considered harmful to the environment can, paradoxically, lead to an increase in
 []


Underfull \hbox (badness 1960) in paragraph at lines 2286--2303
\TU/Alegreya(0)/m/n/10.95 consumption. This direct rebound effect is often referred to in social psychology as
 []


Underfull \hbox (badness 1337) in paragraph at lines 2286--2303
\TU/Alegreya(0)/m/n/10.95 licensing effect” states that the purchase of resource-efficient products can lead to an
 []

[46] [47]
Underfull \hbox (badness 2753) in paragraph at lines 2419--2431
[]\TU/Alegreya(0)/m/n/10.95 Systems theory laid the foundation for a revolutionary world view that not only provided
 []


Underfull \hbox (badness 1127) in paragraph at lines 2419--2431
\TU/Alegreya(0)/m/n/10.95 systems, organ systems, socio-ecological and socio-cultural systems, and organizational and
 []

[48]
Underfull \hbox (badness 1158) in paragraph at lines 2435--2439
\TU/Alegreya(0)/m/n/10.95 dynamics and stability of systems. Positive feedback reinforces changes in a system, while
 []

File: 1_understanding/images/Fig1_15_feedback.png Graphic file (type bmp)
<1_understanding/images/Fig1_15_feedback.png>
[49]
Underfull \hbox (badness 2326) in paragraph at lines 2500--2505
[]\TU/Alegreya(0)/m/n/10.95 “A new field of sustainability science is emerging that seeks to understand the
 []


Underfull \hbox (badness 5548) in paragraph at lines 2500--2505
\TU/Alegreya(0)/m/n/10.95 fundamental character of interactions between nature and society. Such an
 []


Underfull \hbox (badness 1521) in paragraph at lines 2507--2514
[]\TU/Alegreya(0)/m/n/10.95 The concept of sustainability science was officially introduced in 2001 at the “Challenges of
 []


Underfull \hbox (badness 1259) in paragraph at lines 2507--2514
\TU/Alegreya(0)/m/n/10.95 a Changing Earth” congress in Amsterdam, by the International Council for Science (ICSU),
 []


Underfull \hbox (badness 7151) in paragraph at lines 2507--2514
\TU/Alegreya(0)/m/n/10.95 the above-mentioned IGBP, the International Human Dimensions Programme on Global
 []


Underfull \hbox (badness 1043) in paragraph at lines 2518--2531
\TU/Alegreya(0)/m/n/10.95 to be inadequately equipped to meet the challenges of sustainable development. Two main
 []

[50]
Underfull \hbox (badness 3128) in paragraph at lines 2564--2570
\TU/Alegreya(0)/m/n/10.95 As sustainable development is a normative model, it is important to distinguish between
 []


Underfull \hbox (badness 1052) in paragraph at lines 2564--2570
\TU/Alegreya(0)/m/n/10.95 descriptive (empirical-analytical) research and prescriptive (normative) research. Descriptive
 []

File: 1_understanding/images/emprical-analytical_normative.jpg Graphic file (type bmp)
<1_understanding/images/emprical-analytical_normative.jpg>

Underfull \hbox (badness 1275) in paragraph at lines 2597--2614
\TU/Alegreya(0)/m/n/10.95 that the author proceeds for some time in the ordinary ways of reasoning, and
 []

[51] [52]
Underfull \hbox (badness 2126) in paragraph at lines 2670--2691
\TU/Alegreya(0)/m/n/10.95 production and distribution according to the needs of many people, minimize social
 []

File: 1_understanding/images/Three-Knowledge-Types.jpg Graphic file (type bmp)
<1_understanding/images/Three-Knowledge-Types.jpg>
[53]
Underfull \hbox (badness 1496) in paragraph at lines 2722--2730
\TU/Alegreya(0)/m/n/10.95 approaches, mixed methods, experiments, and systems dynamics approaches. It also uses
 []


Underfull \hbox (badness 1389) in paragraph at lines 2722--2730
\TU/Alegreya(0)/m/n/10.95 forecasts, retrospectives, and scenario analyses. Most of the studies that generate systems
 []


Underfull \hbox (badness 1708) in paragraph at lines 2738--2744
\TU/Alegreya(0)/m/n/10.95 empirical as well as normative. Research focusing on past and present transformations is
 []


Underfull \hbox (badness 1394) in paragraph at lines 2752--2762
[]\TU/Alegreya(0)/b/n/10.95 Target knowledge \TU/Alegreya(0)/m/n/10.95 refers to the knowledge of what should be achieved and what should be
 []

[54] [55]
Underfull \hbox (badness 2865) in paragraph at lines 2885--2889
\TU/Alegreya(0)/m/n/10.95 critical and cannot be substituted by human-made or technological capital, whereas weak
 []


Underfull \hbox (badness 4954) in paragraph at lines 2914--2916
[]\TU/Alegreya(0)/m/n/10.95 Weak sustainability assumes that technological innovation can fully replace nature’s
 []


Underfull \hbox (badness 1057) in paragraph at lines 2917--2919
[]\TU/Alegreya(0)/m/n/10.95 Strong sustainability accepts unlimited substitution between natural and human-made
 []


Underfull \hbox (badness 6236) in paragraph at lines 2921--2926
[]\TU/Alegreya(0)/m/n/10.95 Weak sustainability is based on the assumption that different forms of capital (natural,
 []

[56]
Underfull \hbox (badness 2922) in paragraph at lines 2966--2971
[]\TU/Alegreya(0)/m/n/10.95 Weak sustainability focuses on maintaining the overall stock of capital across generations,
 []


Underfull \hbox (badness 1484) in paragraph at lines 2966--2971
\TU/Alegreya(0)/m/n/10.95 assuming that different forms of capital can substitute for one another. Natural capital is
 []

[57]
Underfull \hbox (badness 2809) in paragraph at lines 3053--3057
[]\TU/Alegreya(0)/m/n/10.95 The consistency strategy aims to align economic activities and consumption patterns with
 []

[58]
part II.
Package scrkbase Info: You've told me to use the font selection of the element
(scrkbase)             `partprefix' that is an alias of element `partnumber'
(scrkbase)              on input line 3104.
[59

]
chapter 2.

Underfull \hbox (badness 5274) in paragraph at lines 3109--3115
\TU/Alegreya(0)/m/n/10.95 The world is facing numerous challenges of sustainable development, including pressing
 []


Underfull \hbox (badness 1783) in paragraph at lines 3163--3168
[]\TU/Alegreya(0)/m/n/10.95 The concept, which puts forward nine planetary boundaries, was first introduced by Johan
 []

[60

]
Underfull \hbox (badness 1701) in paragraph at lines 3169--3176
[]\TU/Alegreya(0)/m/n/10.95 The planetary boundaries framework identifies nine critical Earth system processes. These
 []


Underfull \hbox (badness 1655) in paragraph at lines 3177--3186
\TU/Alegreya(0)/m/n/10.95 previously identified as transgressed (climate change, biosphere integrity (genetic diversity),
 []

File: 2_approaches/Images/Fig2_1__planetaryboundaries.png Graphic file (type bmp)
<2_approaches/Images/Fig2_1__planetaryboundaries.png>
File: 2_approaches/Images/Tippingpoints.png Graphic file (type bmp)
<2_approaches/Images/Tippingpoints.png>
[61] [62]
Underfull \hbox (badness 5403) in paragraph at lines 3302--3308
[]\TU/Alegreya(0)/b/n/10.95 Climate mitigation measures \TU/Alegreya(0)/m/n/10.95 aim to reduce greenhouse gas emissions and curb climate
 []

[63]
Underfull \hbox (badness 1728) in paragraph at lines 3352--3356
[]\TU/Alegreya(0)/m/n/10.95 Folke, Carl, Stephen R. Carpenter, Brian Walker, Marten Scheffer, Terry Chapin, and
 []


Underfull \hbox (badness 1009) in paragraph at lines 3361--3364
[]\TU/Alegreya(0)/m/n/10.95 Rockström, Johan, Joyeeta Gupta, Dahe Qin, et al. 2023. ‘Safe and Just Earth System
 []


Underfull \hbox (badness 1527) in paragraph at lines 3370--3383
\TU/Alegreya(0)/m/n/10.95 that recognizes social and environmental limits. This requires rejecting much of what has
 []

File: 2_approaches/Images/Fig2_3__doughnut.png Graphic file (type bmp)
<2_approaches/Images/Fig2_3__doughnut.png>
[64] [65]
Underfull \hbox (badness 2073) in paragraph at lines 3423--3427
[]\TU/Alegreya(0)/m/n/10.95 The Doughnut model builds on the concept of planetary boundaries, adding a social
 []

LaTeX Font Info:    Font shape `TU/SourceSansPro(0)/b/it' will be
(Font)              scaled to size 10.93542pt on input line 3463.

Underfull \hbox (badness 1253) in paragraph at lines 3465--3473
\TU/Alegreya(0)/m/n/10.95 The flagship report by the German Advisory Council on Global Change (WBGU 2011), \TU/Alegreya(0)/m/it/10.95 World
 []


Underfull \hbox (badness 1242) in paragraph at lines 3465--3473
\TU/Alegreya(0)/m/n/10.95 several times. The report analyses global environmental changes, including climate change,
 []


Underfull \hbox (badness 1975) in paragraph at lines 3474--3485
[]\TU/Alegreya(0)/m/it/10.95 World in Transition \TU/Alegreya(0)/m/n/10.95 is significant to debates on the great transformation, as it argues for a
 []


Underfull \hbox (badness 3635) in paragraph at lines 3474--3485
\TU/Alegreya(0)/m/n/10.95 far-reaching transformation of business, policy, and society. This vision extends beyond
 []


Underfull \hbox (badness 2980) in paragraph at lines 3474--3485
\TU/Alegreya(0)/m/n/10.95 education, institutional reforms, and international cooperation as key levers for achieving
 []

[66]
File: 2_approaches/Images/WBGU-social-contract.png Graphic file (type bmp)
<2_approaches/Images/WBGU-social-contract.png>

Underfull \hbox (badness 1210) in paragraph at lines 3512--3517
\TU/Alegreya(0)/m/n/10.95 needed to achieve a sustainable transformation of society. It includes formal and informal
 []

[67]
Underfull \hbox (badness 3449) in paragraph at lines 3554--3571
\TU/Alegreya(0)/m/n/10.95 transformation in his 2018 book, \TU/Alegreya(0)/m/it/10.95 Die grosse Transformation: Eine Einführung in die Kunst des
 []


Underfull \hbox (badness 1354) in paragraph at lines 3554--3571
\TU/Alegreya(0)/m/n/10.95 the ability to navigate complex social, cultural, economic, and technological processes. He
 []

File: 2_approaches/Images/Fig2_5_Schneidewind_turningpoints.jpg Graphic file (type bmp)
<2_approaches/Images/Fig2_5_Schneidewind_turningpoints.jpg>
[68]
Underfull \hbox (badness 1221) in paragraph at lines 3586--3595
\TU/Alegreya(0)/m/n/10.95 However, according to the concept of “double decoupling”, they are inconceivable without a
 []

File: 2_approaches/Images/Fig2_6__double_decoupling.jpg Graphic file (type bmp)
<2_approaches/Images/Fig2_6__double_decoupling.jpg>

Underfull \hbox (badness 1655) in paragraph at lines 3606--3606
[][]|[]\TU/Alegreya(0)/m/n/9 Double decoupling. Linking technology and prosperity models. Source: Own illustration based on
 []

[69]
Underfull \hbox (badness 1442) in paragraph at lines 3610--3617
\TU/Alegreya(0)/m/n/10.95 concept in the sustainability debate, \TU/Alegreya(0)/b/n/10.95 double decoupling \TU/Alegreya(0)/m/n/10.95 states that sustainable development
 []


Underfull \hbox (badness 1308) in paragraph at lines 3610--3617
\TU/Alegreya(0)/m/n/10.95 can only be achieved through increases in technological efficiency in combination with new
 []


Underfull \hbox (badness 1072) in paragraph at lines 3622--3626
[]\TU/Alegreya(0)/b/n/10.95 First-order decoupling\TU/Alegreya(0)/m/n/10.95 : This focuses on increasing resource efficiency and consistency
 []


Underfull \hbox (badness 1609) in paragraph at lines 3634--3642
\TU/Alegreya(0)/m/n/10.95 In September 2019, the first Global Sustainable Development Report (GSDR) was published
 []


Underfull \hbox (badness 1400) in paragraph at lines 3634--3642
\TU/Alegreya(0)/m/n/10.95 publication every four years, the aim of the GSDR is to synthesize existing knowledge and
 []

File: 2_approaches/Images/Fig2_7__GSDR.png Graphic file (type bmp)
<2_approaches/Images/Fig2_7__GSDR.png>
[70]
Underfull \hbox (badness 1132) in paragraph at lines 3657--3662
[]\TU/Alegreya(0)/m/n/10.95 The GSDR proposes six key areas, or “entry points”, with the highest potential to drive the
 []


Underfull \hbox (badness 1132) in paragraph at lines 3657--3662
\TU/Alegreya(0)/m/n/10.95 large-scale and swift transformations needed. To initiate these transformations, active and
 []

[71]
Underfull \hbox (badness 1472) in paragraph at lines 3718--3727
\TU/Alegreya(0)/m/n/10.95 should be driven by public and private investments that reduce carbon emissions and
 []

[72]
Underfull \hbox (badness 3724) in paragraph at lines 3753--3759
\TU/Alegreya(0)/m/n/10.95 The core thesis of the green economy is that environmental and economic goals are not
 []


Underfull \hbox (badness 5077) in paragraph at lines 3753--3759
\TU/Alegreya(0)/m/n/10.95 contradictory. Instead, they can be reconciled through appropriate economic incentives
 []


Underfull \hbox (badness 2261) in paragraph at lines 3760--3768
[]\TU/Alegreya(0)/m/n/10.95 Critics, however, have raised concerns about the effectiveness of green economy measures.
 []

[73]
File: 2_approaches/Images/Fig2_8__PoliticsSufficiency.png Graphic file (type bmp)
<2_approaches/Images/Fig2_8__PoliticsSufficiency.png>

Underfull \hbox (badness 2662) in paragraph at lines 3820--3826
[]\TU/Alegreya(0)/m/n/10.95 An overall policy to promote sufficiency can actively shape our choices, through attractive
 []

[74] [75]
Underfull \hbox (badness 1939) in paragraph at lines 3904--3909
\TU/Alegreya(0)/m/n/10.95 integrate economic, social, and environmental dimensions while making distributional and
 []


Underfull \hbox (badness 3281) in paragraph at lines 3910--3920
[]\TU/Alegreya(0)/m/n/10.95 A significant milestone was the development of the \TU/Alegreya(0)/b/n/10.95 Human Development Index (HDI) \TU/Alegreya(0)/m/n/10.95 by
 []

File: 2_approaches/Images/Fig2_9__GDPxGPI.jpg Graphic file (type bmp)
<2_approaches/Images/Fig2_9__GDPxGPI.jpg>
[76]
File: 2_approaches/Images/Fig2_10__EcoFootprintHDI.png Graphic file (type bmp)
<2_approaches/Images/Fig2_10__EcoFootprintHDI.png>

Underfull \hbox (badness 4819) in paragraph at lines 3967--3967
[][]|[]\TU/Alegreya(0)/m/n/9 Correlation between Ecological Footprint and Human Development Index. Source: [][]$[][][][][] [] [] [] [][][] []
 []

[77]
Underfull \hbox (badness 2875) in paragraph at lines 3971--3979
\TU/Alegreya(0)/m/n/10.95 (survey-based), life expectancy, and ecological footprint to calculate “wellbeing per unit of
 []


Underfull \hbox (badness 1043) in paragraph at lines 3988--4000
\TU/Alegreya(0)/m/n/10.95 It captures poverty across three core dimensions: health, education, and standard of living.
 []


Underfull \hbox (badness 1168) in paragraph at lines 4003--4010
\TU/Alegreya(0)/m/n/10.95 and other human needs. Developed in the 1990s by Mathis Wackernagel and William
 []


Overfull \hbox (0.54613pt too wide) in paragraph at lines 4011--4015
\TU/Alegreya(0)/m/n/10.95 with the annually published \TU/Alegreya(0)/m/it/10.95 Earth Overshoot Day \TU/Alegreya(0)/m/n/10.95 – the symbolic date when humanity’s resource
 []

[78]
Underfull \hbox (badness 1038) in paragraph at lines 4050--4058
[]\TU/Alegreya(0)/m/n/10.95 It doesn’t directly measure ecological degradation, such as increased soil salinity from
 []


Underfull \hbox (badness 2096) in paragraph at lines 4064--4068
\TU/Alegreya(0)/m/n/10.95 broader audiences in discussions on global ecological justice and planetary responsibility –
 []


Underfull \hbox (badness 4024) in paragraph at lines 4072--4076
\TU/Alegreya(0)/m/n/10.95 A key challenge in designing sustainability indicators lies in balancing simplification and
 []

[79]
Underfull \hbox (badness 3568) in paragraph at lines 4143--4148
\TU/Alegreya(0)/m/n/10.95 integrity are part of this framework, whereas global financial stability is not a planetary
 []

[80]
Underfull \hbox (badness 1348) in paragraph at lines 4210--4214
\TU/Alegreya(0)/m/n/10.95 and human well-being while reducing environmental risks and ecological scarcities, thereby
 []

[81] [82]
part III.
Package scrkbase Info: You've told me to use the font selection of the element
(scrkbase)             `partprefix' that is an alias of element `partnumber'
(scrkbase)              on input line 4291.
[83

]
chapter 3.

Underfull \hbox (badness 6316) in paragraph at lines 4318--4332
\TU/Alegreya(0)/m/n/10.95 information (and therefore constitutes “systems knowledge”), environmental sustainability
 []

File: 3_ecological-sustainability/images/Fig3_1__NEecology.jpg Graphic file (type bmp)
<3_ecological-sustainability/images/Fig3_1__NEecology.jpg>
[84

]
Underfull \hbox (badness 2042) in paragraph at lines 4346--4358
[]\TU/Alegreya(0)/m/n/10.95 Ethical judgments and justifications shape the selection of which ecological properties and
 []


Underfull \hbox (badness 2088) in paragraph at lines 4362--4366
[]\TU/Alegreya(0)/b/n/10.95 Wildlife conservation\TU/Alegreya(0)/m/n/10.95 : Should we intervene in natural wildlife populations to protect
 []


Underfull \hbox (badness 3229) in paragraph at lines 4367--4371
\TU/Alegreya(0)/m/n/10.95 such as genetic engineering, to alter the ecological characteristics of organisms and
 []


Underfull \hbox (badness 3068) in paragraph at lines 4372--4376
[]\TU/Alegreya(0)/b/n/10.95 Conservation of endangered species\TU/Alegreya(0)/m/n/10.95 : Should we focus on protecting and preserving
 []


Underfull \hbox (badness 5504) in paragraph at lines 4377--4381
[]\TU/Alegreya(0)/b/n/10.95 Protecting ecosystems\TU/Alegreya(0)/m/n/10.95 : Should we establish protected areas to preserve threatened
 []

[85]
File: 3_ecological-sustainability/images/Fig3_2__Ecosystem.jpg Graphic file (type bmp)
<3_ecological-sustainability/images/Fig3_2__Ecosystem.jpg>
 [86] [87]
Underfull \hbox (badness 1043) in paragraph at lines 4505--4519
\TU/Alegreya(0)/m/n/10.95 if available, or exchange values as an approximation (e.g. comparing avalanche barriers and
 []


Underfull \hbox (badness 2050) in paragraph at lines 4505--4519
\TU/Alegreya(0)/m/n/10.95 protection forests). Another method is cost–benefit analysis, which typically distinguishes
 []

[88]
Underfull \hbox (badness 1515) in paragraph at lines 4520--4525
[]\TU/Alegreya(0)/m/n/10.95 One such method is “green accounting”, which uses existing market values, if available, or
 []

File: 3_ecological-sustainability/images/Fig3_3__EcosystemValuation.jpg Graphic file (type bmp)
<3_ecological-sustainability/images/Fig3_3__EcosystemValuation.jpg>

Underfull \hbox (badness 1460) in paragraph at lines 4539--4554
\TU/Alegreya(0)/m/n/10.95 (usually sub-optimal) options, each representing a trade-off based on changes in ecosystem
 []

[89]
Underfull \hbox (badness 3735) in paragraph at lines 4600--4607
[]\TU/Alegreya(0)/m/n/10.95 “The flurry of enthusiasm for optimizing the economy by including ecosystem
 []


Underfull \hbox (badness 1057) in paragraph at lines 4600--4607
\TU/Alegreya(0)/m/n/10.95 services has blinded us to the more important question of how we are going to
 []


Underfull \hbox (badness 3354) in paragraph at lines 4609--4626
[]\TU/Alegreya(0)/m/n/10.95 In response to this criticism, the IPBES (Intergovernmental Platform on Biodiversity and
 []


Underfull \hbox (badness 1472) in paragraph at lines 4609--4626
\TU/Alegreya(0)/m/n/10.95 Ecosystem Services), (see Section 3.4, \TU/Alegreya(0)/m/it/10.95 Biodiversity Loss\TU/Alegreya(0)/m/n/10.95 ) has further developed the concept of
 []


Underfull \hbox (badness 1320) in paragraph at lines 4609--4626
\TU/Alegreya(0)/m/n/10.95 ecosystem services and developed another concept, that of \TU/Alegreya(0)/b/n/10.95 Nature’s Contribution to People
 []


Underfull \hbox (badness 3058) in paragraph at lines 4609--4626
\TU/Alegreya(0)/m/n/10.95 knowledge systems, thus taking into account both intrinsic (i.e. non-anthropocentric) and
 []

[90]
Underfull \hbox (badness 2253) in paragraph at lines 4661--4670
\TU/Alegreya(0)/m/n/10.95 planetary boundaries: climate change, biosphere integrity, land-system change, freshwater
 []

File: 3_ecological-sustainability/images/Fig3_4_LandClimateBiodiversity.jpg Graphic file (type bmp)
<3_ecological-sustainability/images/Fig3_4_LandClimateBiodiversity.jpg>
[91]
Underfull \hbox (badness 1308) in paragraph at lines 4704--4717
[]\TU/Alegreya(0)/m/n/10.95 The term \TU/Alegreya(0)/b/n/10.95 climate \TU/Alegreya(0)/m/n/10.95 describes the average state of the atmosphere (temperature, precipitation,
 []


Underfull \hbox (badness 1210) in paragraph at lines 4704--4717
\TU/Alegreya(0)/m/n/10.95 biological, and chemical interactions and interdependencies between these five spheres. In
 []

File: 3_ecological-sustainability/images/Fig3_5_ClimateSystem.png Graphic file (type bmp)
<3_ecological-sustainability/images/Fig3_5_ClimateSystem.png>
[92]
Underfull \hbox (badness 1596) in paragraph at lines 4736--4744
[]\TU/Alegreya(0)/m/n/10.95 Material and energy flows between the various components of the climate system, such as
 []


Underfull \hbox (badness 5203) in paragraph at lines 4747--4757
[]\TU/Alegreya(0)/b/n/10.95 Positive feedback\TU/Alegreya(0)/m/n/10.95 : When the Earth’s surface temperature increases, so does water
 []


Underfull \hbox (badness 1629) in paragraph at lines 4747--4757
\TU/Alegreya(0)/m/n/10.95 evaporation, creating a positive feedback loop. Water vapour is the most significant
 []


Underfull \hbox (badness 1845) in paragraph at lines 4747--4757
\TU/Alegreya(0)/m/n/10.95 atmosphere, increasing the reflection of heat back to the Earth’s surface and leading
 []


Underfull \hbox (badness 1024) in paragraph at lines 4747--4757
\TU/Alegreya(0)/m/n/10.95 to further evaporation. This cycle accelerates warming and atmospheric water vapour
 []

LaTeX Font Info:    Font shape `TU/Alegreya(0)/b/n' will be
(Font)              scaled to size 7.665pt on input line 4759.
[93]
File: 3_ecological-sustainability/images/Fig3_6__HothouseEarth.jpeg Graphic file (type bmp)
<3_ecological-sustainability/images/Fig3_6__HothouseEarth.jpeg>
 [94]
File: 3_ecological-sustainability/images/Fig3_7__tippingpoints.png Graphic file (type bmp)
<3_ecological-sustainability/images/Fig3_7__tippingpoints.png>
 [95]
File: 3_ecological-sustainability/images/Fig3_8__GreenhouseSector.png Graphic file (type bmp)
<3_ecological-sustainability/images/Fig3_8__GreenhouseSector.png>
 [96]
File: 3_ecological-sustainability/images/Fig3_9__KlimaCH.jpg Graphic file (type bmp)
<3_ecological-sustainability/images/Fig3_9__KlimaCH.jpg>
 [97]
Underfull \hbox (badness 4132) in paragraph at lines 4941--4952
[]\TU/Alegreya(0)/m/n/10.95 The \TU/Alegreya(0)/b/n/10.95 Intergovernmental Panel on Climate Change (IPCC)\TU/Alegreya(0)/m/n/10.95 , established in 1988 by the
 []


Underfull \hbox (badness 2495) in paragraph at lines 4941--4952
\TU/Alegreya(0)/m/n/10.95 on climate change for policymakers worldwide. Its periodic IPCC reports provide a
 []

File: 3_ecological-sustainability/images/Fig3_10__IPCCas6Fig2.png Graphic file (type bmp)
<3_ecological-sustainability/images/Fig3_10__IPCCas6Fig2.png>
[98]
File: 3_ecological-sustainability/images/Solomon.png Graphic file (type bmp)
<3_ecological-sustainability/images/Solomon.png>
 [99]
Underfull \hbox (badness 2486) in paragraph at lines 5002--5009
\TU/Alegreya(0)/m/n/10.95 emissions, or flow) exceeds the outflow of water through the drain (carbon absorption by
 []

[100] [101]
File: 3_ecological-sustainability/images/Fig3_11__LandClimateInteraction.png Graphic file (type bmp)
<3_ecological-sustainability/images/Fig3_11__LandClimateInteraction.png>

Underfull \hbox (badness 1515) in paragraph at lines 5097--5107
\TU/Alegreya(0)/m/n/10.95 linking them to another already-exceeded planetary boundary, that of biogeochemical flows
 []


Underfull \hbox (badness 2035) in paragraph at lines 5110--5120
[]\TU/Alegreya(0)/m/n/10.95 In the tropics, the forms of agriculture best adapted to local conditions (i.e. without
 []


Underfull \hbox (badness 6236) in paragraph at lines 5132--5137
[]\TU/Alegreya(0)/m/n/10.95 This is why deforestation in Madagascar is blamed on the local population. But
 []

[102] [103]
Underfull \hbox (badness 1681) in paragraph at lines 5201--5212
[]\TU/Alegreya(0)/m/n/10.95 This chapter has shown that land, land use, and land use change are a multifaceted topic.
 []

File: 3_ecological-sustainability/images/Fig3_12_FactsChallenges.jpg Graphic file (type bmp)
<3_ecological-sustainability/images/Fig3_12_FactsChallenges.jpg>

Underfull \hbox (badness 4846) in paragraph at lines 5231--5231
\TU/Alegreya(0)/m/n/9 Implications summarize how governance of land systems for sustainability could be improved by
 []

[104]
Underfull \hbox (badness 2409) in paragraph at lines 5279--5292
\TU/Alegreya(0)/m/n/10.95 a substantial component of \TU/Alegreya(0)/b/n/10.95 environmental sustainability\TU/Alegreya(0)/m/n/10.95 , forming the basis for numerous
 []

[105]
Underfull \hbox (badness 1014) in paragraph at lines 5306--5320
[]\TU/Alegreya(0)/m/n/10.95 Biodiversity monitoring is an important tool for tracking changes in biodiversity. The
 []

File: 3_ecological-sustainability/images/Fig3_13__IBPESspecies.png Graphic file (type bmp)
<3_ecological-sustainability/images/Fig3_13__IBPESspecies.png>
[106]
File: 3_ecological-sustainability/images/Fig3_14__IPBESdrivers.png Graphic file (type bmp)
<3_ecological-sustainability/images/Fig3_14__IPBESdrivers.png>
File: 3_ecological-sustainability/images/Fig3_15__KunmingMOntreal.jpg Graphic file (type bmp)
<3_ecological-sustainability/images/Fig3_15__KunmingMOntreal.jpg>
 [107]
Overfull \hbox (2.50917pt too wide) in paragraph at lines 5390--5413
[]\TU/Alegreya(0)/m/n/10.95 However, studies and scientists have voiced concern regarding the effectiveness and (environmental)
 []


Underfull \hbox (badness 1152) in paragraph at lines 5416--5426
[]\TU/Alegreya(0)/m/n/10.95 The Intergovernmental Science–Policy Platform on Biodiversity and Ecosystem Services
 []


Underfull \hbox (badness 1590) in paragraph at lines 5416--5426
\TU/Alegreya(0)/m/n/10.95 (IPBES) is an independent intergovernmental body established by various countries to
 []


Underfull \hbox (badness 1838) in paragraph at lines 5416--5426
\TU/Alegreya(0)/m/n/10.95 strengthen the science–policy interface on biodiversity and ecosystem services for the
 []


Underfull \hbox (badness 5862) in paragraph at lines 5416--5426
\TU/Alegreya(0)/m/n/10.95 conservation and sustainable use of biodiversity, long-term human well-being, and
 []


Underfull \hbox (badness 5475) in paragraph at lines 5416--5426
\TU/Alegreya(0)/m/n/10.95 Secretariat services to the IPBES are provided by the United Nations Environment
 []

[108]
File: 3_ecological-sustainability/images/Fig3_16__NatureFuturesFramework.png Graphic file (type bmp)
<3_ecological-sustainability/images/Fig3_16__NatureFuturesFramework.png>
 [109]
Underfull \hbox (badness 2326) in paragraph at lines 5476--5489
[]\TU/Alegreya(0)/m/n/10.95 As we have seen, and as with other sustainability challenges and dimensions, there is no
 []


Underfull \hbox (badness 1895) in paragraph at lines 5476--5489
\TU/Alegreya(0)/m/n/10.95 stakeholders, preferences regarding approaches and measures also vary. To select suitable
 []


Underfull \hbox (badness 1859) in paragraph at lines 5476--5489
\TU/Alegreya(0)/m/n/10.95 measures and harmonize the various levels of responsibility (\TU/Alegreya(0)/b/n/10.95 ?@fig-SD-ethics\TU/Alegreya(0)/m/n/10.95 ), we can, for
 []

[110]
Underfull \hbox (badness 1688) in paragraph at lines 5496--5511
\TU/Alegreya(0)/m/n/10.95 on the environmental dimension of sustainability if applied appropriately. The approaches
 []

File: 3_ecological-sustainability/images/Fig3_17__GSDR.png Graphic file (type bmp)
<3_ecological-sustainability/images/Fig3_17__GSDR.png>

Underfull \hbox (badness 2197) in paragraph at lines 5523--5523
\TU/Alegreya(0)/m/n/9 Sustainable Development Report 2023. Source: Independent Group of Scientists appointed by the
 []

[111] [112]
Underfull \hbox (badness 3884) in paragraph at lines 5564--5571
[]\TU/Alegreya(0)/m/n/10.95 The \TU/Alegreya(0)/b/n/10.95 science and technology \TU/Alegreya(0)/m/n/10.95 lever refers to social and technological innovation as well as
 []


Underfull \hbox (badness 10000) in paragraph at lines 5576--5579
[]\TU/Alegreya(0)/m/n/10.95 Nature-based solutions that use natural processes to address climate change and
 []


Underfull \hbox (badness 5064) in paragraph at lines 5582--5590
\TU/Alegreya(0)/m/n/10.95 Social change often begins in people’s hearts and minds through local organization and
 []


Underfull \hbox (badness 3229) in paragraph at lines 5600--5608
\TU/Alegreya(0)/m/n/10.95 Capacity building to support the transformation to achieve the SDGs is multifaceted and
 []


Underfull \hbox (badness 10000) in paragraph at lines 5615--5616

 []

[113]
Underfull \hbox (badness 2103) in paragraph at lines 5625--5628
[]\TU/Alegreya(0)/m/n/10.95 Guyer, Madeleine, Myriam Steinemann, and Nina Saalismaa. 2022. \TU/Alegreya(0)/m/it/10.95 Biodiversity and
 []


Underfull \hbox (badness 3058) in paragraph at lines 5640--5643
[]\TU/Alegreya(0)/m/n/10.95 Four different types of ecosystem services can be distinguished: regulating services,
 []


Underfull \hbox (badness 1577) in paragraph at lines 5644--5648
[]\TU/Alegreya(0)/m/n/10.95 The term “ecosystem services” is a scientific term that describes the congregations of
 []


Underfull \hbox (badness 1939) in paragraph at lines 5644--5648
\TU/Alegreya(0)/m/n/10.95 nature-oriented religions (so-called nature religions), such as animism, during which
 []


Underfull \hbox (badness 2119) in paragraph at lines 5649--5651
[]\TU/Alegreya(0)/m/n/10.95 The concept of ecosystem services represents the accumulation of biomass within an
 []

[114]
Underfull \hbox (badness 1014) in paragraph at lines 5710--5715
[]\TU/Alegreya(0)/m/n/10.95 Ecosystem services are commonly classified into four main categories: provisioning services
 []


Underfull \hbox (badness 1675) in paragraph at lines 5710--5715
\TU/Alegreya(0)/m/n/10.95 (e.g. food and raw materials), regulating services (e.g. climate regulation), cultural services
 []


Underfull \hbox (badness 1472) in paragraph at lines 5745--5751
\TU/Alegreya(0)/m/n/10.95 cultural, and supporting services. It does not serve as a direct measure of biodiversity or
 []


Underfull \hbox (badness 1184) in paragraph at lines 5777--5781
[]\TU/Alegreya(0)/m/n/10.95 Feedback mechanisms in the climate system describe processes that either amplify (positive
 []

[115]
Underfull \hbox (badness 4913) in paragraph at lines 5850--5852
[]\TU/Alegreya(0)/m/n/10.95 Land systems only describe ecological processes and exclude social, economic, and
 []

[116]
Underfull \hbox (badness 1755) in paragraph at lines 5880--5883
[]\TU/Alegreya(0)/m/n/10.95 Which characteristics distinguish “Nature’s Contributions to People (NCP)” from “ecosystem
 []


Underfull \hbox (badness 1769) in paragraph at lines 5896--5901
[]\TU/Alegreya(0)/m/n/10.95 The concept of Nature’s Contributions to People (NCP), introduced by IPBES, broadens the
 []

[117]
chapter 4.

Underfull \hbox (badness 1448) in paragraph at lines 5916--5926
\TU/Alegreya(0)/m/n/10.95 What does sustainability mean when communities are unequally affected by events such as
 []


Underfull \hbox (badness 6876) in paragraph at lines 5933--5937
[]\TU/Alegreya(0)/m/n/10.95 In short, social sustainability addresses the following challenge: How can we create a
 []

File: 4_social-sustainability/images/Fig4_1_NESocial.png Graphic file (type bmp)
<4_social-sustainability/images/Fig4_1_NESocial.png>
[118

]
Underfull \hbox (badness 3838) in paragraph at lines 5990--5999
[]\TU/Alegreya(0)/m/n/10.95 In doughnut economics, economic policies could contribute to achieving social justice by
 []

File: 4_social-sustainability/images/Fig4_2_SocialEcologicalBoundaries.png Graphic file (type bmp)
<4_social-sustainability/images/Fig4_2_SocialEcologicalBoundaries.png>

Underfull \hbox (badness 2205) in paragraph at lines 6011--6011
[][]|[]\TU/Alegreya(0)/m/n/9 Social thresholds achieved versus biophysical boundaries transgressed for different countries, results
 []

[119]
Underfull \hbox (badness 1389) in paragraph at lines 6015--6028
[]\TU/Alegreya(0)/m/n/10.95 To achieve a sustainable future, Raworth (2017a) argues that we must distribute the Earth’s
 []


Underfull \hbox (badness 1275) in paragraph at lines 6042--6046
\TU/Alegreya(0)/m/n/10.95 Doughnut economics and the capability approach are two examples of pithy and influential
 []

[120]
Underfull \hbox (badness 1320) in paragraph at lines 6047--6053
[]\TU/Alegreya(0)/m/n/10.95 The many theories and concepts of social sustainability are also linked to different ideas of
 []

File: 4_social-sustainability/images/Fig4_3_Justice.png Graphic file (type bmp)
<4_social-sustainability/images/Fig4_3_Justice.png>

Underfull \hbox (badness 5802) in paragraph at lines 6073--6077
[]\TU/Alegreya(0)/b/n/10.95 Procedural justice \TU/Alegreya(0)/m/n/10.95 focuses on the inclusivity of decision-making processes. It calls for
 []


Underfull \hbox (badness 2837) in paragraph at lines 6073--6077
\TU/Alegreya(0)/m/n/10.95 underrepresented groups to be fairly represented in institutions so that their perspectives
 []

[121]
Overfull \hbox (7.97101pt too wide) in paragraph at lines 6085--6089
[]\TU/Alegreya(0)/b/n/10.95 ?@tbl-justice \TU/Alegreya(0)/m/n/10.95 shows how these three dimensions influence each other (Wijsman and Berbés-Blázquez
 []


Overfull \hbox (37.45212pt too wide) in paragraph at lines 6121--6121
[]|\TU/Alegreya(0)/b/n/10.95 Distributive 
 []


Overfull \hbox (12.34377pt too wide) in paragraph at lines 6121--6121
\TU/Alegreya(0)/b/n/10.95 justice|  
 []


Overfull \hbox (32.8312pt too wide) in paragraph at lines 6128--6128
[]|\TU/Alegreya(0)/b/n/10.95 Procedural 
 []


Overfull \hbox (12.34377pt too wide) in paragraph at lines 6128--6128
\TU/Alegreya(0)/b/n/10.95 justice|  
 []


Overfull \hbox (37.98866pt too wide) in paragraph at lines 6134--6134
[]|\TU/Alegreya(0)/b/n/10.95 Recognition 
 []


Overfull \hbox (12.34377pt too wide) in paragraph at lines 6134--6134
\TU/Alegreya(0)/b/n/10.95 justice|  
 []


Underfull \hbox (badness 2237) in paragraph at lines 6143--6153
\TU/Alegreya(0)/m/n/10.95 poverty reduction, development, basic needs, livelihoods, and equity – as well as identity,
 []

[122]
File: 4_social-sustainability/images/Fig4_4_Framework.png Graphic file (type bmp)
<4_social-sustainability/images/Fig4_4_Framework.png>
 [123]
Overfull \hbox (0.51411pt too wide) in paragraph at lines 6214--6225
[]\TU/Alegreya(0)/m/n/10.95 The middle part emphasizes the importance of \TU/Alegreya(0)/b/n/10.95 procedural justice \TU/Alegreya(0)/m/n/10.95 – the fairness of decision-making
 []


Underfull \hbox (badness 1048) in paragraph at lines 6240--6249
\TU/Alegreya(0)/m/n/10.95 participate in society – specifically, by reducing deep-rooted systemic disadvantages. Many
 []

[124]
Underfull \hbox (badness 1019) in paragraph at lines 6279--6284
\TU/Alegreya(0)/m/n/10.95 As inequality is complex and diverse, there are different ways of analysing, measuring, and
 []

File: 4_social-sustainability/images/Fig4_5_EqualityWhat.png Graphic file (type bmp)
<4_social-sustainability/images/Fig4_5_EqualityWhat.png>

Underfull \hbox (badness 1292) in paragraph at lines 6305--6319
\TU/Alegreya(0)/m/n/10.95 well-being that goes beyond conventional distribution principles. Traditional approaches to
 []


Underfull \hbox (badness 1087) in paragraph at lines 6305--6319
\TU/Alegreya(0)/m/n/10.95 distributive justice often aim either at ensuring equal distribution based on performance or
 []

[125]
File: 4_social-sustainability/images/Fig4_6_EqualityEquity.jpg Graphic file (type bmp)
<4_social-sustainability/images/Fig4_6_EqualityEquity.jpg>
 [126] [127]
Overfull \hbox (21.46613pt too wide) in paragraph at lines 6468--6468
\TU/Alegreya(0)/b/n/10.95 compared?|  
 []


Overfull \hbox (4.49364pt too wide) in paragraph at lines 6480--6480
[]|\TU/Alegreya(0)/b/n/10.95 Typical 
 []


Overfull \hbox (10.03433pt too wide) in paragraph at lines 6480--6480
\TU/Alegreya(0)/b/n/10.95 example|  
 []


Overfull \hbox (14.89613pt too wide) in paragraph at lines 6487--6487
\TU/Alegreya(0)/b/n/10.95 relevance|  
 []

[128]
File: 4_social-sustainability/images/Fig4_7_TrustInequality.png Graphic file (type bmp)
<4_social-sustainability/images/Fig4_7_TrustInequality.png>
 [129]
Underfull \hbox (badness 3758) in paragraph at lines 6599--6605
\TU/Alegreya(0)/m/n/10.95 language communities can strengthen one’s sense of belonging and promote intercultural
 []

[130]
Underfull \hbox (badness 3158) in paragraph at lines 6606--6615
[]\TU/Alegreya(0)/m/n/10.95 The third element, \TU/Alegreya(0)/b/n/10.95 orientation towards the common good\TU/Alegreya(0)/m/n/10.95 , encompasses aspects of social
 []


Underfull \hbox (badness 1389) in paragraph at lines 6616--6622
[]\TU/Alegreya(0)/b/n/10.95 Education \TU/Alegreya(0)/m/n/10.95 is a cross-cutting issue, as it affects all three elements: Education fosters social
 []


Underfull \hbox (badness 1033) in paragraph at lines 6676--6683
\TU/Alegreya(0)/m/n/10.95 (e.g. natural disasters), intensify gradually (e.g. soil degradation), or be a constant presence
 []

[131]
Underfull \hbox (badness 1072) in paragraph at lines 6700--6705
\TU/Alegreya(0)/m/n/10.95 negative consequences (Obrist et al. 2010). Examples include immunization, income
 []


Underfull \hbox (badness 1286) in paragraph at lines 6714--6723
[]\TU/Alegreya(0)/b/n/10.95 Transformative strategies\TU/Alegreya(0)/m/n/10.95 : Far-reaching reforms or new institutions that increase the
 []


Underfull \hbox (badness 1342) in paragraph at lines 6714--6723
\TU/Alegreya(0)/m/n/10.95 research, and develops flood response plans. Or introducing measures to reduce the
 []

File: 4_social-sustainability/images/Fig4_8_DoughnutA.png Graphic file (type bmp)
<4_social-sustainability/images/Fig4_8_DoughnutA.png>
File: 4_social-sustainability/images/Fig4_8_DoughnutB.png Graphic file (type bmp)
<4_social-sustainability/images/Fig4_8_DoughnutB.png>
[132]
Underfull \hbox (badness 1424) in paragraph at lines 6792--6799
\TU/Alegreya(0)/m/n/10.95 consequences of climate change – and internal risks, such as policy failures, unsustainable
 []

[133]
File: 4_social-sustainability/images/Fig4_9_FoodInsecurity.png Graphic file (type bmp)
<4_social-sustainability/images/Fig4_9_FoodInsecurity.png>


LaTeX Warning: Hyper reference `dataux2fFS' on page 134 undefined on input line 6822.


LaTeX Warning: Hyper reference `dataux2fFS' on page 134 undefined on input line 6822.


Underfull \hbox (badness 1783) in paragraph at lines 6826--6835
\TU/Alegreya(0)/m/n/10.95 embedded in society and the environment. Changes within these systems therefore affect
 []


Underfull \hbox (badness 1237) in paragraph at lines 6826--6835
\TU/Alegreya(0)/m/n/10.95 numerous areas: the environment (water, air, soil, biodiversity), social and cultural aspects
 []

[134]
File: 4_social-sustainability/images/Fig4_10_GlobalFoodSupply.png Graphic file (type bmp)
<4_social-sustainability/images/Fig4_10_GlobalFoodSupply.png>

Underfull \hbox (badness 1205) in paragraph at lines 6892--6898
\TU/Alegreya(0)/b/n/10.95 Inclusion, social cohesion, and resilience \TU/Alegreya(0)/m/n/10.95 are considered the three key dimensions of social
 []

[135]
Underfull \hbox (badness 1019) in paragraph at lines 6899--6907
\TU/Alegreya(0)/m/n/10.95 decision-making processes are perceived as fair, trustworthy, and aligned with social norms
 []


Underfull \hbox (badness 1609) in paragraph at lines 6928--6931
[]\TU/Alegreya(0)/b/n/10.95 Conforming with societal values: \TU/Alegreya(0)/m/n/10.95 The process takes into account moral, religious, or
 []


Underfull \hbox (badness 10000) in paragraph at lines 6934--6936
[]\TU/Alegreya(0)/b/n/10.95 Promoting participation and transparency: \TU/Alegreya(0)/m/n/10.95 Open dialogue and co-creation foster
 []

[136]
Underfull \hbox (badness 3219) in paragraph at lines 6963--6970
[]\TU/Alegreya(0)/m/n/10.95 Political scientist Joachim Blatter describes this exclusion from political participation as a
 []


Underfull \hbox (badness 5008) in paragraph at lines 6983--6993
\TU/Alegreya(0)/m/n/10.95 such as national governments, and focused solely on the current generation. However,
 []

[137]
Underfull \hbox (badness 1199) in paragraph at lines 7095--7104
[]\TU/Alegreya(0)/b/n/10.95 Collective theories \TU/Alegreya(0)/m/n/10.95 view societies as associations of social groups or classes that differ
 []


Underfull \hbox (badness 2310) in paragraph at lines 7095--7104
\TU/Alegreya(0)/m/n/10.95 and cultural conditions. Therefore, there are no universal norms of justice; instead,
 []

[138]
Overfull \hbox (4.25697pt too wide) in paragraph at lines 7135--7136
\TU/Alegreya(0)/m/n/10.95 income 
 []


Overfull \hbox (4.25697pt too wide) in paragraph at lines 7145--7146
\TU/Alegreya(0)/m/n/10.95 income 
 []


Overfull \hbox (4.62802pt too wide) in paragraph at lines 7153--7153
[]|\TU/Alegreya(0)/m/n/10.95 Libertarian 
 []


Overfull \hbox (22.16992pt too wide) in paragraph at lines 7158--7158
\TU/Alegreya(0)/m/n/10.95 (Utilitarianism, 
 []


Overfull \hbox (35.06902pt too wide) in paragraph at lines 7158--7158
\TU/Alegreya(0)/m/n/10.95 Contractarianism, 
 []


Overfull \hbox (23.16637pt too wide) in paragraph at lines 7158--7158
\TU/Alegreya(0)/m/n/10.95 Egalitarianism)|  
 []


Overfull \hbox (18.99567pt too wide) in paragraph at lines 7159--7159
[]|\TU/Alegreya(0)/m/n/10.95 Yes/Maybe|  
 []


Overfull \hbox (10.79411pt too wide) in paragraph at lines 7167--7167
[]|\TU/Alegreya(0)/m/n/10.95 Depends 
 []


Overfull \hbox (4.26791pt too wide) in paragraph at lines 7167--7167
\TU/Alegreya(0)/m/n/10.95 context|  
 []

[139]
Underfull \hbox (badness 2913) in paragraph at lines 7199--7203
[]\TU/Alegreya(0)/b/n/10.95 Equality of opportunity \TU/Alegreya(0)/m/n/10.95 aims to create equal starting conditions – i.e. without legal
 []


Underfull \hbox (badness 10000) in paragraph at lines 7199--7203
\TU/Alegreya(0)/m/n/10.95 and cultural discrimination or barriers to market access – for example through
 []


Underfull \hbox (badness 4726) in paragraph at lines 7199--7203
\TU/Alegreya(0)/m/n/10.95 anti-discrimination laws that prohibit discrimination based on gender, ethnicity, or
 []


Underfull \hbox (badness 1424) in paragraph at lines 7204--7209
\TU/Alegreya(0)/m/n/10.95 from poverty. It is aimed particularly at people whose needs cannot be met through
 []


Underfull \hbox (badness 1275) in paragraph at lines 7217--7224
[]\TU/Alegreya(0)/b/n/10.95 Gender equality \TU/Alegreya(0)/m/n/10.95 addresses the unequal starting and participation conditions that exist
 []


Underfull \hbox (badness 1960) in paragraph at lines 7225--7234
[]\TU/Alegreya(0)/b/n/10.95 Environmental justice \TU/Alegreya(0)/m/n/10.95 emphasizes the fair distribution of environmental burdens and
 []


Underfull \hbox (badness 1527) in paragraph at lines 7225--7234
\TU/Alegreya(0)/m/n/10.95 resources, as well as equal participation in environmental policy decisions. The term
 []


Underfull \hbox (badness 1552) in paragraph at lines 7225--7234
\TU/Alegreya(0)/m/n/10.95 originated in the US as a response to the disproportionate placement of landfills and
 []


Underfull \hbox (badness 10000) in paragraph at lines 7235--7241
[]\TU/Alegreya(0)/b/n/10.95 Inter- and intragenerational equity \TU/Alegreya(0)/m/n/10.95 are defined in the Brundtland Report (1987).
 []


Underfull \hbox (badness 1496) in paragraph at lines 7235--7241
\TU/Alegreya(0)/m/n/10.95 Intergenerational equity refers to the balance between present and future generations,
 []


Underfull \hbox (badness 1776) in paragraph at lines 7242--7251
[]\TU/Alegreya(0)/b/n/10.95 Climate justice \TU/Alegreya(0)/m/n/10.95 is a specific form of environmental justice. It addresses the unequal
 []


Underfull \hbox (badness 1348) in paragraph at lines 7242--7251
\TU/Alegreya(0)/m/n/10.95 consequences of climate change for marginalized and vulnerable groups, and seeks to
 []


Underfull \hbox (badness 1648) in paragraph at lines 7242--7251
\TU/Alegreya(0)/m/n/10.95 Paris Climate Agreement stipulates that both the Global North and South must share
 []

[140]
Underfull \hbox (badness 3281) in paragraph at lines 7256--7262
\TU/Alegreya(0)/m/n/10.95 Sustainability models typically describe three dimensions of sustainable development: the
 []

[141]
Underfull \hbox (badness 2020) in paragraph at lines 7304--7312
\TU/Alegreya(0)/m/n/10.95 and cultural infrastructure not only contribute to economic development and poverty
 []

File: 4_social-sustainability/images/Fig4_11_WorldAwfulBetter.png Graphic file (type bmp)
<4_social-sustainability/images/Fig4_11_WorldAwfulBetter.png>
[142] [143]
Underfull \hbox (badness 1354) in paragraph at lines 7428--7430
[]\TU/Alegreya(0)/m/n/10.95 Procedural justice is mainly concerned with the outcomes of policies rather than how
 []


Underfull \hbox (badness 2080) in paragraph at lines 7435--7442
[]\TU/Alegreya(0)/m/n/10.95 In social sustainability debates, distributive justice addresses the fair allocation of benefits
 []

[144] [145]
Underfull \hbox (badness 3375) in paragraph at lines 7536--7539
[]\TU/Alegreya(0)/m/n/10.95 Which of the following statements correctly distinguish between individual and structural
 []


Underfull \hbox (badness 1609) in paragraph at lines 7560--7567
[]\TU/Alegreya(0)/m/n/10.95 Individual approaches to inequality emphasize differences between individuals and typically
 []

[146]
Underfull \hbox (badness 1286) in paragraph at lines 7678--7686
[]\TU/Alegreya(0)/m/n/10.95 Different theories of justice arrive at different conclusions regarding an unconditional basic
 []


Underfull \hbox (badness 1308) in paragraph at lines 7678--7686
\TU/Alegreya(0)/m/n/10.95 property rights. Liberal theories, such as utilitarianism or Rawlsian contractarianism, may
 []


Underfull \hbox (badness 4492) in paragraph at lines 7678--7686
\TU/Alegreya(0)/m/n/10.95 support it under certain conditions, while egalitarian approaches emphasize the need to
 []

[147]
chapter 5.

Underfull \hbox (badness 1584) in paragraph at lines 7714--7722
[]\TU/Alegreya(0)/m/n/10.95 Contrary to widespread belief, economic theories are not value-neutral descriptions of how
 []


Underfull \hbox (badness 1092) in paragraph at lines 7714--7722
\TU/Alegreya(0)/m/n/10.95 the economy “works”. They are normative and performative: they shape political decisions,
 []

File: 5_economic-sustainability/images/Fig5_1_NEeconomic.png Graphic file (type bmp)
<5_economic-sustainability/images/Fig5_1_NEeconomic.png>
[148

]
Underfull \hbox (badness 3635) in paragraph at lines 7749--7758
[]\TU/Alegreya(0)/m/n/10.95 Against this background, this chapter places capitalism as a historically specific mode of
 []

[149]
Underfull \hbox (badness 2310) in paragraph at lines 7820--7825
[]\TU/Alegreya(0)/m/n/10.95 The homo economicus model is particularly relevant to the discussion on sustainable
 []

[150]
Underfull \hbox (badness 1371) in paragraph at lines 7846--7855
\TU/Alegreya(0)/m/n/10.95 Product, see Section 5.2.4, \TU/Alegreya(0)/m/it/10.95 Economic growth\TU/Alegreya(0)/m/n/10.95 ) towards a normatively grounded, reflexive, and
 []


Underfull \hbox (badness 1038) in paragraph at lines 7846--7855
\TU/Alegreya(0)/m/n/10.95 pluralistic economy. Such an orientation cannot be achieved by economics alone – it must
 []


Underfull \hbox (badness 1917) in paragraph at lines 7858--7868
[]\TU/Alegreya(0)/m/n/10.95 Contemporary economics is largely dominated by one school of thought: neoclassical
 []


Underfull \hbox (badness 1472) in paragraph at lines 7876--7890
\TU/Alegreya(0)/m/n/10.95 approaches as an enrichment – especially given the complex challenges of sustainable
 []


Underfull \hbox (badness 1019) in paragraph at lines 7891--7896
\TU/Alegreya(0)/m/n/10.95 the scope of this discussion, you can delve deeper into this topic in our \TU/Alegreya(0)/m/it/10.95 Introduction to
 []


Underfull \hbox (badness 1163) in paragraph at lines 7897--7901
[]\TU/Alegreya(0)/m/n/10.95 In this video – \TU/Alegreya(0)/m/it/10.95 Economics is for Everyone \TU/Alegreya(0)/m/n/10.95 – Ha-Joon Chang provides a clear and concise
 []

[151]
Underfull \hbox (badness 2126) in paragraph at lines 7907--7913
\TU/Alegreya(0)/m/n/10.95 needs in the long term – for current and future generations – while respecting planetary
 []


Underfull \hbox (badness 3623) in paragraph at lines 7914--7924
\TU/Alegreya(0)/m/n/10.95 economic activity was often understood as serving the common good, especially when it
 []


Underfull \hbox (badness 1237) in paragraph at lines 7925--7933
[]\TU/Alegreya(0)/m/n/10.95 The rise of merchant capitalism and colonial expansion shifted the focus of economic value
 []


Underfull \hbox (badness 5878) in paragraph at lines 7934--7951
[]\TU/Alegreya(0)/m/n/10.95 The Industrial Revolution in 18th and 19th-century Britain again reshaped the economic
 []


Underfull \hbox (badness 2334) in paragraph at lines 7934--7951
\TU/Alegreya(0)/m/n/10.95 productivity, innovation, and ultimately, economic growth – dynamics which were further
 []


Underfull \hbox (badness 2173) in paragraph at lines 7952--7958
\TU/Alegreya(0)/m/n/10.95 neoclassical economics today, modelling economic processes as rational exchanges between
 []

[152]
File: 5_economic-sustainability/images/Fig5_2_EconCycle_simple.png Graphic file (type bmp)
<5_economic-sustainability/images/Fig5_2_EconCycle_simple.png>

Underfull \hbox (badness 1142) in paragraph at lines 7979--7979
\TU/Alegreya(0)/m/n/8 households and businesses: labour in exchange for income,
 []

File: 5_economic-sustainability/images/Fig5_2b_EconCycle_complex.png Graphic file (type bmp)
<5_economic-sustainability/images/Fig5_2b_EconCycle_complex.png>

Underfull \hbox (badness 1062) in paragraph at lines 7994--7994
\TU/Alegreya(0)/m/n/8 foreign trade, showing how savings, taxes, and imports act
 []

[153]
Underfull \hbox (badness 2205) in paragraph at lines 8028--8034
[]\TU/Alegreya(0)/m/n/10.95 In contrast, Kate Raworth (2017b) illustrates the economy as embedded in society and the
 []


Underfull \hbox (badness 1910) in paragraph at lines 8051--8057
[]\TU/Alegreya(0)/m/n/10.95 From the perspective of economic sustainability, this narrow approach is problematic.
 []


Underfull \hbox (badness 1472) in paragraph at lines 8051--8057
\TU/Alegreya(0)/m/n/10.95 After all, work is not just an input factor but constitutes economic activity itself – it
 []


Underfull \hbox (badness 1769) in paragraph at lines 8071--8076
\TU/Alegreya(0)/m/n/10.95 by the interplay of supply and demand (“bottom up”). The means of production are
 []


Underfull \hbox (badness 1502) in paragraph at lines 8080--8089
[]\TU/Alegreya(0)/b/n/10.95 Mixed economy (e.g. welfare state)\TU/Alegreya(0)/m/n/10.95 : These systems combine private ownership of the
 []

[154]
Underfull \hbox (badness 10000) in paragraph at lines 8089--8093
\TU/Alegreya(0)/m/n/10.95 decentralized cooperation, and collective ownership. Examples include solidarity
 []


Underfull \hbox (badness 2080) in paragraph at lines 8118--8128
\TU/Alegreya(0)/m/n/10.95 Many sustainability challenges – e.g. the climate crisis, social inequality, resource overuse,
 []


Underfull \hbox (badness 3482) in paragraph at lines 8140--8147
[]\TU/Alegreya(0)/m/n/10.95 The Industrial Revolution in the late 18th and early 19th centuries ultimately enabled the
 []

[155]
Underfull \hbox (badness 10000) in paragraph at lines 8188--8196
\TU/Alegreya(0)/m/n/10.95 Technological innovations and investments in machinery, factories, and infrastructure
 []


Underfull \hbox (badness 1406) in paragraph at lines 8205--8209
[]\TU/Alegreya(0)/m/n/10.95 Ensuring that the vast quantities of goods produced can also be sold requires homogenous
 []

[156]
File: 5_economic-sustainability/images/Fig5_4_ModeofProduction.png Graphic file (type bmp)
<5_economic-sustainability/images/Fig5_4_ModeofProduction.png>
 [157]
Underfull \hbox (badness 1019) in paragraph at lines 8250--8276
[]\TU/Alegreya(0)/m/n/10.95 Figure [][]5.3[][] illustrates how the capitalist production system produces not only goods but also
 []


Underfull \hbox (badness 1158) in paragraph at lines 8250--8276
\TU/Alegreya(0)/m/n/10.95 logic. In a market society, markets are not part of society – society is part of the market.
 []

[158] [159]
File: 5_economic-sustainability/images/Fig5_5__GDP1000_2000.png Graphic file (type bmp)
<5_economic-sustainability/images/Fig5_5__GDP1000_2000.png>

Underfull \hbox (badness 2150) in paragraph at lines 8372--8372
[][]|[]\TU/Alegreya(0)/m/n/9 History’s hockey stick: gross domestic product per capita in five countries (1000-2018). Per capita
 []


Underfull \hbox (badness 4543) in paragraph at lines 8372--8372
\TU/Alegreya(0)/m/n/9 income stagnated for centuries. It was only with the Industrial Revolution and fossil capitalism
 []


Underfull \hbox (badness 1199) in paragraph at lines 8372--8372
\TU/Alegreya(0)/m/n/9 that income and production volumes rose exponentially – albeit very unevenly from region to region.
 []

[160]
Underfull \hbox (badness 3396) in paragraph at lines 8393--8411
[]\TU/Alegreya(0)/m/n/10.95 After World War II – during the \TU/Alegreya(0)/m/it/10.95 trente glorieuses\TU/Alegreya(0)/m/n/10.95 , or “glorious thirty” (1945-1975) – steady
 []

[161]
Underfull \hbox (badness 1168) in paragraph at lines 8415--8427
\TU/Alegreya(0)/m/n/10.95 As the current capitalist economic system is structurally dependent on growth, a decline in
 []

[162]
Underfull \hbox (badness 1668) in paragraph at lines 8500--8511
[]\TU/Alegreya(0)/b/n/10.95 Combating consumer saturation\TU/Alegreya(0)/m/n/10.95 : In affluent societies, where many basic needs have
 []


Underfull \hbox (badness 1629) in paragraph at lines 8524--8541
\TU/Alegreya(0)/m/n/10.95 and the US (under President Ronald Reagan, the original proponent of the “Make America
 []


Underfull \hbox (badness 1442) in paragraph at lines 8524--8541
\TU/Alegreya(0)/m/n/10.95 Great Again” slogan). The measures were legitimized by the argument that previous crises
 []


Underfull \hbox (badness 1009) in paragraph at lines 8524--8541
\TU/Alegreya(0)/m/n/10.95 both businesses simultaneously, which strongly facilitated speculative activities. Speculative
 []

[163]
Underfull \hbox (badness 4595) in paragraph at lines 8588--8596
[]\TU/Alegreya(0)/m/n/10.95 Deregulation and its consequences enabled banks to significantly expand their lending –
 []

[164]
Underfull \hbox (badness 4144) in paragraph at lines 8597--8609
\TU/Alegreya(0)/m/n/10.95 It created a power complex comprising central banks, commercial banks, other financial
 []


Underfull \hbox (badness 1270) in paragraph at lines 8612--8627
\TU/Alegreya(0)/m/n/10.95 trading does not involve real economic production – no goods or services are created.
 []


Underfull \hbox (badness 1394) in paragraph at lines 8612--8627
\TU/Alegreya(0)/m/n/10.95 This significantly contributed to the decoupling of the financial markets from the real
 []


Underfull \hbox (badness 1418) in paragraph at lines 8612--8627
\TU/Alegreya(0)/m/n/10.95 economy, fostering a massive market for financial bets often vastly exceeding the real
 []

[165]
Underfull \hbox (badness 2970) in paragraph at lines 8678--8693
[]\TU/Alegreya(0)/m/n/10.95 Dyllick and Muff (2016) categorize companies into three stages of development, based on
 []


Underfull \hbox (badness 3088) in paragraph at lines 8678--8693
\TU/Alegreya(0)/m/n/10.95 their position on sustainability. The first stage, “business-as-usual”, describes companies
 []


Underfull \hbox (badness 1430) in paragraph at lines 8678--8693
\TU/Alegreya(0)/m/n/10.95 that largely ignore sustainability and focus their economic activities exclusively on financial
 []


Underfull \hbox (badness 3148) in paragraph at lines 8700--8707
[]\TU/Alegreya(0)/m/n/10.95 And still, many sustainability efforts only scratch the surface. Typical challenges include
 []


Underfull \hbox (badness 4441) in paragraph at lines 8711--8724
\TU/Alegreya(0)/m/n/10.95 An economic transformation towards sustainable development requires targeted strategies
 []


Underfull \hbox (badness 4686) in paragraph at lines 8711--8724
\TU/Alegreya(0)/m/n/10.95 Sustainability strategies in the economic dimension typically focus on three fundamental
 []

[166]
Underfull \hbox (badness 2818) in paragraph at lines 8725--8730
[]\TU/Alegreya(0)/m/n/10.95 More recently, many specific reform proposals have been formulated, addressing different
 []


Underfull \hbox (badness 1681) in paragraph at lines 8733--8736
[]\TU/Alegreya(0)/b/n/10.95 transformation of work\TU/Alegreya(0)/m/n/10.95 , e.g. through working time reduction, expansion of the care
 []


Underfull \hbox (badness 1147) in paragraph at lines 8742--8745
[]\TU/Alegreya(0)/b/n/10.95 corporate transformation\TU/Alegreya(0)/m/n/10.95 , focusing on transformative companies that put social goals
 []


Underfull \hbox (badness 1783) in paragraph at lines 8753--8759
\TU/Alegreya(0)/m/n/10.95 levers: rather than purely technical solutions, there is a need for new institutional, social,
 []

File: 5_economic-sustainability/images/Fig5_6__NaÖk_en.jpg Graphic file (type bmp)
<5_economic-sustainability/images/Fig5_6__NaÖk_en.jpg>

Underfull \hbox (badness 1067) in paragraph at lines 8771--8771
[][]|[]\TU/Alegreya(0)/m/n/9 Positioning of Green Growth, Degrowth, and Sustainable Economy based on their assumptions about
 []

[167]
Underfull \hbox (badness 2644) in paragraph at lines 8777--8783
[]\TU/Alegreya(0)/b/n/10.95 Green Growth \TU/Alegreya(0)/m/n/10.95 focuses on a relative or absolute decoupling of economic growth and
 []

LaTeX Font Info:    Font shape `TU/Alegreya(0)/m/n' will be
(Font)              scaled to size 6.0pt on input line 8788.

Underfull \hbox (badness 1596) in paragraph at lines 8783--8796
[]\TU/Alegreya(0)/m/n/10.95 By contrast, \TU/Alegreya(0)/b/n/10.95 degrowth (also called post-growth[][][][][]\TU/Alegreya(0)/m/n/10.95 ) specifically aims to reduce economic
 []

[168]
Underfull \hbox (badness 1314) in paragraph at lines 8807--8819
\TU/Alegreya(0)/m/n/10.95 therefore key. This would involve not only financially decoupling social systems and public
 []


Underfull \hbox (badness 1231) in paragraph at lines 8822--8829
[]\TU/Alegreya(0)/b/n/10.95 A sufficient lifestyle\TU/Alegreya(0)/m/n/10.95 . A cultural and infrastructural transformation towards sufficient
 []


Underfull \hbox (badness 3281) in paragraph at lines 8854--8864
[]\TU/Alegreya(0)/m/n/10.95 The development of growth-independent economic sectors requires not just new practices
 []


Underfull \hbox (badness 1881) in paragraph at lines 8867--8878
\TU/Alegreya(0)/m/n/10.95 taxation of income, inheritance, and wealth can create financial scope for social and
 []


Underfull \hbox (badness 1715) in paragraph at lines 8867--8878
\TU/Alegreya(0)/m/n/10.95 environmental investments. This would also strengthen distributive justice, incentive
 []

[169]
Underfull \hbox (badness 1226) in paragraph at lines 8878--8885
\TU/Alegreya(0)/m/n/10.95 on money creation (“Positive” or “100% Money”) or mission-oriented lending (“Mission
 []


Underfull \hbox (badness 1158) in paragraph at lines 8885--8891
\TU/Alegreya(0)/m/n/10.95 institutions, forms of organization, and business models to emerge that don’t rely on
 []

[170]
Underfull \hbox (badness 1895) in paragraph at lines 8932--8941
[]\TU/Alegreya(0)/m/n/10.95 Kate Raworth’s (2017b) concept of Doughnut Economics offers an innovative framework for
 []


Underfull \hbox (badness 1917) in paragraph at lines 8932--8941
\TU/Alegreya(0)/m/n/10.95 boundaries while simultaneously securing a social foundation. To achieve this, they must
 []


Underfull \hbox (badness 1400) in paragraph at lines 8972--8979
[]\TU/Alegreya(0)/m/n/10.95 Economics has a performative character in that it actively shapes how societies understand
 []


Underfull \hbox (badness 1048) in paragraph at lines 8972--8979
\TU/Alegreya(0)/m/n/10.95 and organize economic activity. Core concepts such as rational decision-making, efficiency,
 []

[171]
Underfull \hbox (badness 1533) in paragraph at lines 9020--9029
\TU/Alegreya(0)/m/n/10.95 economies rely on decentralized market coordination and private ownership, while socialist
 []


Underfull \hbox (badness 1546) in paragraph at lines 9072--9081
[]\TU/Alegreya(0)/m/n/10.95 From a systemic perspective, sustainability challenges are understood as expressions of the
 []

[172] [173] [174]
Underfull \hbox (badness 1552) in paragraph at lines 9310--9319
[]\TU/Alegreya(0)/m/n/10.95 Growth-independent economic sectors aim to reduce the structural dependence of societies
 []


Underfull \hbox (badness 3417) in paragraph at lines 9310--9319
\TU/Alegreya(0)/m/n/10.95 Such transformations depend on supportive policy frameworks; without them, alternative
 []

[175]
Underfull \hbox (badness 1303) in paragraph at lines 9354--9361
\TU/Alegreya(0)/m/n/10.95 Ecosystem Services Indicators in Decision-Support at Various Scales, vol. 61 (February):
 []


Underfull \hbox (badness 2269) in paragraph at lines 9405--9409
\TU/Alegreya(0)/m/n/10.95 Warming Could Trigger Multiple Climate Tipping Points.” \TU/Alegreya(0)/m/it/10.95 Science \TU/Alegreya(0)/m/n/10.95 377 (6611): eabn7950.
 []

[176

]
Underfull \hbox (badness 1946) in paragraph at lines 9411--9415
\TU/Alegreya(0)/m/n/10.95 Assessment: A Case Study of Energy Technologies.” \TU/Alegreya(0)/m/it/10.95 Technology in Society \TU/Alegreya(0)/m/n/10.95 29 (1): 63–78.
 []


Underfull \hbox (badness 1484) in paragraph at lines 9466--9471
[]\TU/Alegreya(0)/m/n/10.95 Berners-Lee, M., C. Kennelly, R. Watson, and C. N. Hewitt. 2018. “Current Global Food
 []


Underfull \hbox (badness 10000) in paragraph at lines 9466--9471
\TU/Alegreya(0)/m/n/10.95 Production Is Sufficient to Meet Human Nutritional Needs in 2050 Provided There
 []


Underfull \hbox (badness 5345) in paragraph at lines 9466--9471
\TU/Alegreya(0)/m/n/10.95 Is Radical Societal Adaptation.” \TU/Alegreya(0)/m/it/10.95 Elementa: Science of the Anthropocene \TU/Alegreya(0)/m/n/10.95 6 (January): 52.
 []

[177]
Underfull \hbox (badness 2913) in paragraph at lines 9489--9492
[]\TU/Alegreya(0)/m/n/10.95 Bontrup, Heinz-J., and Ralf-M. Marquardt. 2021. \TU/Alegreya(0)/m/it/10.95 Volkswirtschaftslehre Aus Orthodoxer Und
 []


Underfull \hbox (badness 1242) in paragraph at lines 9494--9498
[]\TU/Alegreya(0)/m/n/10.95 Boyer, Robert H. W., Nicole D. Peterson, Poonam Arora, and Kevin Caldwell. 2016. “Five
 []

[178]
Underfull \hbox (badness 1226) in paragraph at lines 9568--9571
[]\TU/Alegreya(0)/m/n/10.95 Chatterjee, Shreya, Marine Gassier, and Nikolas Myint. 2023. \TU/Alegreya(0)/m/it/10.95 Leveraging Social Cohesion for
 []


Underfull \hbox (badness 1048) in paragraph at lines 9584--9588
[]\TU/Alegreya(0)/m/n/10.95 Coenen, Johanna, Cecilie Friis, Almut Schilling-Vacaflor, Mairon Bastos Lima, and Armando
 []


Underfull \hbox (badness 2564) in paragraph at lines 9584--9588
\TU/Alegreya(0)/m/n/10.95 Valdés-Velásquez. 2023. “The Telecoupled Implications of the New EU Regulation on
 []


Underfull \hbox (badness 1540) in paragraph at lines 9602--9606
\TU/Alegreya(0)/m/n/10.95 Income: An Empirical Exploration.” \TU/Alegreya(0)/m/it/10.95 Journal of International Development \TU/Alegreya(0)/m/n/10.95 36 (3): 1789–816.
 []


Underfull \hbox (badness 1546) in paragraph at lines 9618--9621
[]\TU/Alegreya(0)/m/n/10.95 Daly, Herman E. 1990. “Toward Some Operational Principles of Sustainable Development.”
 []

[179]
Underfull \hbox (badness 1092) in paragraph at lines 9635--9640
[]\TU/Alegreya(0)/m/n/10.95 de Bruin, Annemarieke, Imke J. M. de Boer, Niels R. Faber, Gjalt de Jong, Katrien J. A. M.
 []


Underfull \hbox (badness 1448) in paragraph at lines 9635--9640
\TU/Alegreya(0)/m/n/10.95 Termeer, and Evelien M. de Olde. 2024. “Easier Said Than Defined? Conceptualising
 []


Underfull \hbox (badness 1259) in paragraph at lines 9635--9640
\TU/Alegreya(0)/m/n/10.95 Justice in Food System Transitions.” \TU/Alegreya(0)/m/it/10.95 Agriculture and Human Values \TU/Alegreya(0)/m/n/10.95 41 (1): 345–62. [][]$[][][][][] []
 []


Underfull \hbox (badness 1062) in paragraph at lines 9647--9649
[]\TU/Alegreya(0)/m/n/10.95 DEAL. n.d. \TU/Alegreya(0)/m/it/10.95 Doughnut Economics Action Lab\TU/Alegreya(0)/m/n/10.95 . Doughnut Economics Action Lab (DEAL). [][]$[][][][][] []
 []


Underfull \hbox (badness 1019) in paragraph at lines 9655--9659
\TU/Alegreya(0)/m/n/10.95 Driven by Urban Population Growth and Agricultural Trade in the Twenty-First Century.”
 []


Underfull \hbox (badness 1137) in paragraph at lines 9667--9671
[]\TU/Alegreya(0)/m/n/10.95 Díaz, Sandra, and Yadvinder Malhi. 2022. “Biodiversity: Concepts, Patterns, Trends, and
 []


Underfull \hbox (badness 1460) in paragraph at lines 9688--9693
\TU/Alegreya(0)/m/n/10.95 Futures Framework to Life: Creating a Set of Illustrative Narratives of Nature Futures.”
 []


Underfull \hbox (badness 1635) in paragraph at lines 9695--9699
[]\TU/Alegreya(0)/m/n/10.95 Duxbury, Nancy, Anita Kangas, and Christiaan De Beukelaer. 2017. “Cultural Policies for
 []


Underfull \hbox (badness 1178) in paragraph at lines 9701--9706
[]\TU/Alegreya(0)/m/n/10.95 Dyllick, Thomas, and Katrin Muff. 2016. “Clarifying the Meaning of Sustainable Business:
 []

[180]
Underfull \hbox (badness 1540) in paragraph at lines 9713--9716
[]\TU/Alegreya(0)/m/n/10.95 Eblinghaus, H., and A. Stickler. 1998. \TU/Alegreya(0)/m/it/10.95 Nachhaltigkeit Und Macht. Zur Kritik von Sustainable
 []


Underfull \hbox (badness 1215) in paragraph at lines 9718--9721
[]\TU/Alegreya(0)/m/n/10.95 Ehrlich, Paul R., and Anne H. Ehrlich. 1981. \TU/Alegreya(0)/m/it/10.95 Extinction : The Causes and Consequences of the
 []


Underfull \hbox (badness 1616) in paragraph at lines 9744--9749
\TU/Alegreya(0)/m/it/10.95 2023. Urbanization, Agrifood Systems Transformation and Healthy Diets Across the Rural–Urban
 []


Underfull \hbox (badness 7081) in paragraph at lines 9744--9749
\TU/Alegreya(0)/m/it/10.95 Continuum\TU/Alegreya(0)/m/n/10.95 . Food and Agriculture Organization of the United Nations (FAO). [][]$[][][][][] []
 []


Underfull \hbox (badness 1527) in paragraph at lines 9751--9753
[]\TU/Alegreya(0)/m/n/10.95 Fenner, Dagmar. 2008. \TU/Alegreya(0)/m/it/10.95 Ethik - Wie Soll Ich Handeln? \TU/Alegreya(0)/m/n/10.95 Utb GmbH. [][]$[][][][][] [] [] [] [][][] [] [][][] [] [][] [] [][][][][] []
 []


Underfull \hbox (badness 1490) in paragraph at lines 9765--9769
[]\TU/Alegreya(0)/m/n/10.95 FOEN. 2025. \TU/Alegreya(0)/m/it/10.95 Kenngrössen Zur Entwicklung Der Treibhausgasemissionen in Der Schweiz 1990–2023\TU/Alegreya(0)/m/n/10.95 .
 []


Underfull \hbox (badness 10000) in paragraph at lines 9765--9769
\TU/Alegreya(0)/m/n/10.95 Federal Office for the Environment (FOEN). [][]$[][][][][] [] [] [] [][][] [] [][][][] [] [][][][][] [] [][] [] [][][] [] [][][][] [] [][] []
 []


Underfull \hbox (badness 10000) in paragraph at lines 9765--9769
[][][][][][][][][] [] [][][][][] [] [][][][][][][][] [][] [][][][][] [] [][][][][][][][][][][][] [] [][][] [] [][][][][][][][][][] [] [][][][][][][] [] [][][] [] [][][][][][][][] []
 []

[181]
Underfull \hbox (badness 2680) in paragraph at lines 9771--9775
[]\TU/Alegreya(0)/m/n/10.95 Foladori, Guillermo. 2005. “Advances and Limits of Social Sustainability as an Evolving
 []


Underfull \hbox (badness 1484) in paragraph at lines 9771--9775
\TU/Alegreya(0)/m/n/10.95 Concept.” \TU/Alegreya(0)/m/it/10.95 Canadian Journal of Development Studies/Revue Canadienne d&apos;&eacute;tudes Du
 []


Underfull \hbox (badness 10000) in paragraph at lines 9781--9786
[]\TU/Alegreya(0)/m/n/10.95 Folke, Carl, Stephen R. Carpenter, Brian Walker, Marten Scheffer, Terry Chapin, and
 []


Underfull \hbox (badness 1571) in paragraph at lines 9781--9786
\TU/Alegreya(0)/m/n/10.95 Johan Rockström. 2010. “Resilience Thinking: Integrating Resilience, Adaptability and
 []


Overfull \hbox (345.67625pt too wide) in paragraph at lines 9788--9791
[]\TU/Alegreya(0)/m/n/10.95 FSO. 2025. \TU/Alegreya(0)/m/it/10.95 Social Cohesion\TU/Alegreya(0)/m/n/10.95 . Federal {{Statistical Office}} ({{FSO}}). Https://www.bfs.admin.ch/bfs/en/home/statistics/sustainable-development/monet-2030/social-cohesion.html. 
 []


Overfull \hbox (451.26335pt too wide) in paragraph at lines 9793--9796
\TU/Alegreya(0)/m/it/10.95 Statistical Office (FSO)\TU/Alegreya(0)/m/n/10.95 . Https://www.bfs.admin.ch/content/bfs/en/home/statistics/work-income/employment-working-hours/balancing-unpaid-work/household-production-satellite-account.html. 
 []


Underfull \hbox (badness 4454) in paragraph at lines 9828--9831
[]\TU/Alegreya(0)/m/n/10.95 Global Footprint Network. 2020. \TU/Alegreya(0)/m/it/10.95 Ecological Footprint Accounting: Limitations and Criticism\TU/Alegreya(0)/m/n/10.95 .
 []


Underfull \hbox (badness 10000) in paragraph at lines 9828--9831
[][]$[][][][][] [] [] [] [][][] [] [][][][][][][][][][][][][][][][] [] [][][] [] [][][][][][][] [] [][][][][][][] [] [][][][] [] [][] [] [][][][][][][][][] [][] [][][][][][][][][][][] [][] [][][] [][]
 []

[182]
Underfull \hbox (badness 2644) in paragraph at lines 9841--9845
[]\TU/Alegreya(0)/m/n/10.95 Haines-Young, Roy, and Marion Potschin-Young. 2010. “The Links Between Biodiversity,
 []


Underfull \hbox (badness 3895) in paragraph at lines 9859--9863
[]\TU/Alegreya(0)/m/n/10.95 Hanke, Gerolf, and Benjamin Best. 2013. “Die Energiewende Aus Wachstumskritischer
 []


Underfull \hbox (badness 2134) in paragraph at lines 9859--9863
\TU/Alegreya(0)/m/n/10.95 Perspektive.” In \TU/Alegreya(0)/m/it/10.95 Die Deutsche ”Energiewende” Nach Fukushima\TU/Alegreya(0)/m/n/10.95 , edited by Jörg Radtke and
 []


Underfull \hbox (badness 10000) in paragraph at lines 9881--9891
\TU/Alegreya(0)/m/it/10.95 Nanhthavong, Vong; Hanephom, Savanh; Phommachanh, Anongsone; Sidavong, Boungnong;
 []


Underfull \hbox (badness 1509) in paragraph at lines 9881--9891
\TU/Alegreya(0)/m/it/10.95 Phouangphet, Ketkeo; Lu, Juliet; Shattuck, Annie; Ingalls, Micah; Bernhard, Rasso; Phathitmixay,
 []


Underfull \hbox (badness 1173) in paragraph at lines 9881--9891
\TU/Alegreya(0)/m/it/10.95 Souphaphone; Phomphakdy, Chanthavone; Heinimann, Andreas; Epprecht, Michael (2020). Land
 []

[183]
Underfull \hbox (badness 10000) in paragraph at lines 9974--9979
\TU/Alegreya(0)/m/it/10.95 Land Degradation, Sustainable Land Management, Food Security, and Greenhouse Gas Fluxes
 []


Underfull \hbox (badness 10000) in paragraph at lines 9974--9979
\TU/Alegreya(0)/m/it/10.95 in Terrestrial Ecosystems\TU/Alegreya(0)/m/n/10.95 . Intergovernmental Panel on Climate Change (IPCC). [][]$[][][][][] []
 []

[184]
Underfull \hbox (badness 1810) in paragraph at lines 10047--10052
\TU/Alegreya(0)/m/n/10.95 Fetishism.” \TU/Alegreya(0)/m/it/10.95 Ecological Economics\TU/Alegreya(0)/m/n/10.95 , Special Section - Payments for Environmental Services:
 []

[185]
Underfull \hbox (badness 1005) in paragraph at lines 10075--10079
[]\TU/Alegreya(0)/m/n/10.95 Lee, D. S., D. W. Fahey, A. Skowron, et al. 2021. “The Contribution of Global Aviation to
 []

[186]
Underfull \hbox (badness 1400) in paragraph at lines 10146--10151
\TU/Alegreya(0)/m/n/10.95 Zusammenhänge.” In \TU/Alegreya(0)/m/it/10.95 Nachhaltigkeitswissenschaften\TU/Alegreya(0)/m/n/10.95 , edited by Harald Heinrichs and Gerd
 []


Underfull \hbox (badness 3668) in paragraph at lines 10183--10189
[]\TU/Alegreya(0)/m/n/10.95 Mozumder, Mohammad Mojibul Hoque, Md Abdul Wahab, Simo Sarkki, Petra Schneider,
 []

[187]
Underfull \hbox (badness 4492) in paragraph at lines 10241--10246
\TU/Alegreya(0)/m/n/10.95 Blinder.” \TU/Alegreya(0)/m/it/10.95 Ecological Economics\TU/Alegreya(0)/m/n/10.95 , Special Section - Payments for Environmental Services:
 []


Underfull \hbox (badness 1509) in paragraph at lines 10254--10258
[]\TU/Alegreya(0)/m/n/10.95 Oberholzer, Basil. 2021. “Wie Bringen Wir Die Wachstumsmotoren Unter Kontrolle?” In
 []

[188]
Underfull \hbox (badness 1331) in paragraph at lines 10277--10281
[]\TU/Alegreya(0)/m/n/10.95 Ott, Konrad. 2020. “Nachhaltigkeit.” In \TU/Alegreya(0)/m/it/10.95 Praktische Wirtschaftsphilosophie\TU/Alegreya(0)/m/n/10.95 , edited by Ludger
 []


Underfull \hbox (badness 1365) in paragraph at lines 10320--10324
[]\TU/Alegreya(0)/m/n/10.95 Pereira, Henrique M., Paul W. Leadley, Vânia Proença, et al. 2010. “Scenarios for Global
 []


Underfull \hbox (badness 1596) in paragraph at lines 10337--10341
[]\TU/Alegreya(0)/m/n/10.95 Pfefferbaum, Betty, Richard L. Van Horn, and Rose L. Pfefferbaum. 2017. “A Conceptual
 []

[189]
Underfull \hbox (badness 1231) in paragraph at lines 10362--10365
[]\TU/Alegreya(0)/m/n/10.95 ProClim. 1997. \TU/Alegreya(0)/m/it/10.95 Research on Sustainability and Global Change – Visions in Science Policy by Swiss
 []


Underfull \hbox (badness 3942) in paragraph at lines 10390--10395
\TU/Alegreya(0)/m/it/10.95 Nachhaltigkeit: Eine normativ-funktionale Konzeption und ihre Umsetzung\TU/Alegreya(0)/m/n/10.95 . Indikatoren und
 []


Underfull \hbox (badness 1859) in paragraph at lines 10401--10405
\TU/Alegreya(0)/m/n/10.95 Planetary Boundaries.” \TU/Alegreya(0)/m/it/10.95 Science Advances \TU/Alegreya(0)/m/n/10.95 9 (37): eadh2458. [][]$[][][][][] [] [] [] [][][] [] [][][] [] [][] [] [][][][] [] [][][][][][] []
 []


Underfull \hbox (badness 1661) in paragraph at lines 10407--10412
\TU/Alegreya(0)/m/n/10.95 Practices on the Ecosystem-Service Multifunctionality of Temperate Grasslands.” \TU/Alegreya(0)/m/it/10.95 Nature
 []


Underfull \hbox (badness 1769) in paragraph at lines 10414--10417
[]\TU/Alegreya(0)/m/n/10.95 Rifkin, Jeremy. 2014. \TU/Alegreya(0)/m/it/10.95 Die Null-Grenzkosten-Gesellschaft. Das Internet Der Dinge, Kollaboratives
 []

[190]
Underfull \hbox (badness 1057) in paragraph at lines 10464--10468
[]\TU/Alegreya(0)/m/n/10.95 Roth, George L., and Peter M. Senge. 1996. “From Theory to Practice: Research Territory,
 []


Underfull \hbox (badness 1112) in paragraph at lines 10491--10495
[]\TU/Alegreya(0)/m/n/10.95 Santarius, Tilman. 2014. “Der Rebound-Effekt: Ein Blinder Fleck Der Sozial-Ökologischen
 []

[191]
Underfull \hbox (badness 6592) in paragraph at lines 10521--10525
[]\TU/Alegreya(0)/m/n/10.95 Schneidewind et al., Uwe. 2016. “Transformative Wirtschaftswissenschaft im Kontext
 []


Underfull \hbox (badness 4108) in paragraph at lines 10521--10525
\TU/Alegreya(0)/m/n/10.95 nachhaltiger Entwicklung.” \TU/Alegreya(0)/m/it/10.95 Ökologisches Wirtschaften - Fachzeitschrift \TU/Alegreya(0)/m/n/10.95 31 (2): 30. [][]$[][][][][] []
 []

[192] [193]
Underfull \hbox (badness 1728) in paragraph at lines 10652--10656
\TU/Alegreya(0)/m/n/10.95 of Science Applied to the Concept of Resilience.” \TU/Alegreya(0)/m/it/10.95 Ecological Economics \TU/Alegreya(0)/m/n/10.95 76 (April): 112–18.
 []


Underfull \hbox (badness 1184) in paragraph at lines 10664--10666
[]\TU/Alegreya(0)/m/n/10.95 Talberth, John, Clifford Cobb, and Noah Slattery. 2007. \TU/Alegreya(0)/m/it/10.95 The Genuine Progress Indicator 2006\TU/Alegreya(0)/m/n/10.95 .
 []


Underfull \hbox (badness 1603) in paragraph at lines 10713--10716
[]\TU/Alegreya(0)/m/n/10.95 UNEP. 2016. \TU/Alegreya(0)/m/it/10.95 Global Material Flows and Resource Productivity. An Assessment Study of the UNEP
 []

[194]
Underfull \hbox (badness 2073) in paragraph at lines 10723--10726
[]\TU/Alegreya(0)/m/n/10.95 UNEP-CBD. 2022. \TU/Alegreya(0)/m/it/10.95 Kunming-Montreal Global Biodiversity Framework\TU/Alegreya(0)/m/n/10.95 . CBD/COP/15/L.25. UN
 []


Underfull \hbox (badness 6220) in paragraph at lines 10723--10726
\TU/Alegreya(0)/m/n/10.95 environmental programme, convention on bioligical diversity. [][]$[][][][][] [] [] [] [][][] [] [][][] [] [][] [] [][][][] []
 []


Underfull \hbox (badness 1721) in paragraph at lines 10733--10737
[]\TU/Alegreya(0)/m/n/10.95 US EPA. 2013. \TU/Alegreya(0)/m/it/10.95 Environmental Justice Related Terms As Defined Across the PSC Agencies\TU/Alegreya(0)/m/n/10.95 . United
 []


Underfull \hbox (badness 1005) in paragraph at lines 10749--10753
[]\TU/Alegreya(0)/m/n/10.95 Verburg, Peter H., Neville Crossman, Erle C. Ellis, et al. 2015. “Land System Science and
 []

[195]
Underfull \hbox (badness 2680) in paragraph at lines 10792--10796
[]\TU/Alegreya(0)/m/n/10.95 Wiedmann, Thomas, Manfred Lenzen, Lorenz T. Keyßer, and Julia K. Steinberger. 2020.
 []


Underfull \hbox (badness 1968) in paragraph at lines 10804--10809
[]\TU/Alegreya(0)/m/n/10.95 Wijsman, Katinka, and Marta Berbés-Blázquez. 2022. “What Do We Mean by Justice in
 []


Underfull \hbox (badness 4608) in paragraph at lines 10804--10809
\TU/Alegreya(0)/m/n/10.95 Sustainability Pathways? Commitments, Dilemmas, and Translations from Theory to
 []


Underfull \hbox (badness 1259) in paragraph at lines 10804--10809
\TU/Alegreya(0)/m/n/10.95 Practice in Nature-Based Solutions.” \TU/Alegreya(0)/m/it/10.95 Environmental Science & Policy \TU/Alegreya(0)/m/n/10.95 136 (October): 377–86.
 []

[196] (./Basics-of-sustainability.aux)
 ***********
LaTeX2e <2026-06-01>
L3 programming layer <2026-06-18>
 ***********


LaTeX Warning: There were undefined references.


LaTeX Warning: There were multiply-defined labels.

 ) 
Here is how much of TeX's memory you used:
 41790 strings out of 469837
 879814 string characters out of 5470337
 1598373 words of memory out of 5000000
 70042 multiletter control sequences out of 15000+600000
 635615 words of font info for 125 fonts, out of 8000000 for 9000
 14 hyphenation exceptions out of 8191
 108i,17n,116p,11246b,1020s stack positions out of 10000i,1000n,20000p,200000b,200000s

Output written on Basics-of-sustainability.pdf (196 pages).
